idx,z,e,age,sex,x,y
142747,[],[0.202846758994648],37,1,83.05813130969305,0.5972124309567635
142999,[],[0.121217092567322],36,0,89.52487200297467,84.00782535782521
143399,[],[0.120537808724531],35,0,66.64558220439255,72.76434178916219
143710,[],[0.164658690077539],34,0,89.14282299468397,42.06243381821206
143936,[],[0.107909419589777],33,0,98.24263033472572,88.68723846283899
144026,[],[0.126006877322031],33,0,66.6494815030192,73.70219071815754
144998,[],[0.344681745983205],29,0,81.00813067494947,44.218358908287875
145210,[],[0.170440334667767],28,1,89.24584416258597,17.076621127839218
145493,[],[0.690880275272035],27,1,76.42522100744671,22.89515221682024
145519,[],[0.439677192134977],27,0,99.09664899529861,61.89719789037321
145750,[],[0.139254633682898],26,0,98.26826638976458,30.162678166461838
145763,[],[0.129942893645669],26,1,58.980547365642636,52.57178314641823
146074,[],[0.0518091685393394],25,1,3.653551095423066,9.740564403964687
146150,[],[0.173652865203834],25,0,92.68582401606858,30.22664769102737
146234,[],[0.0933596177518814],25,1,50.792214551470984,38.353230453493566
146265,[],[0.242600009187962],25,1,17.653191134685354,27.049970960257653
146308,[],[0.367809799565467],24,0,71.12772268310297,38.185291628966056
146561,[],[0.110539319587482],24,0,33.74954063965338,12.806200844557306
146593,[],[0.168604991724201],23,0,12.14022460364226,27.74046104805378
146708,[],[0.180213567610416],23,1,35.20518047573406,7.021736532857332
146782,[],[0.222644002091146],23,1,47.797040054356394,58.17856808745053
146791,[],[0.145929836007716],23,0,99.999,33.970455152932914
146807,[],[0.0640406569066902],23,1,88.9818099063502,96.15512378954783
146817,[],[0.17017032332058],23,1,37.01837659109183,37.844234526697214
146892,[],[0.499025402692323],22,1,68.0255184869817,41.20540003488384
146997,[],[0.454805587968071],22,0,76.02619170546888,61.732266807732756
147040,[],[0.521247847773505],22,0,89.74419945561104,68.65561058868668
147055,[],[0.105122913728073],22,0,26.416780911879698,6.5937295042190405
147069,[],[0.733970621715689],22,0,75.97272365456507,24.670624398179037
147104,[],[0.135931240232643],22,0,67.41080171242916,48.79006782927246
147135,[],[0.0996013044346041],22,1,45.783753724382144,51.166782045046766
147188,[],[0.154180774615083],21,0,63.386252286611224,71.98221734649272
147196,[],[0.258388090015399],21,0,73.3722192781479,78.15250351688235
147211,[],[0.186628997922026],21,1,75.19525351079602,69.37509227282663
147218,[],[0.11727985507831],21,0,64.33656678906067,19.200006412527944
147223,[],[0.0816795291638169],21,1,43.23419755398586,50.885414799820005
147232,[],[0.169174430141782],21,1,86.2525097028494,27.031684428307628
147250,[],[0.487193301749433],21,1,91.00615740463037,66.048663477797
147272,[],[0.0986255586240566],21,0,56.530719938834295,72.3620290250538
147275,[],[0.345834849060086],21,1,15.4088151623465,14.780296963900451
147318,[],[0.643932553619926],21,0,68.94228215465252,36.267516144863706
147321,[],[0.181765229745045],21,1,98.26867637993455,13.192702584705586
147386,[],[0.0751651811455155],21,0,27.144551811397427,11.766467675505824
147420,[],[0.0704731179056455],21,1,95.36457805831456,74.39027737183385
147445,[],[0.121137701339588],20,1,27.332456370150062,15.52373413559734
147449,[],[0.348630865612215],20,0,66.97990606808989,36.95793155340055
147452,[],[0.152407366410944],20,1,64.14443315234642,70.5754159522889
147521,[],[0.0681416182920118],20,0,7.394442729582053,27.20179324746844
147550,[],[0.227445969030874],20,1,97.98340564322356,14.114349608426545
147675,[],[0.538193990457578],20,0,63.97730920880931,45.4339036795985
147693,[],[0.588066269972608],20,0,75.10473530121642,62.35528779139954
147700,[],[0.475291377234626],20,0,80.52074624963349,62.90280010785641
147707,[],[0.0638453319890428],20,1,82.37727326623448,96.56054669542873
147730,[],[0.145939825155347],19,0,95.05197360238881,11.990992600773279
147819,[],[0.22372582304393],19,1,75.10770667875993,0.8531167604369471
147836,[],[0.0518981766670828],19,1,38.83309818812463,59.9755584998207
147839,[],[0.126287939136809],19,1,63.10489575680499,17.804967114004793
147847,[],[0.248745400023164],19,1,37.06770526449241,4.888932016544134
147851,[],[0.714289963969383],19,0,65.5617193918391,44.67830899500695
147884,[],[0.109460673367004],19,1,56.31414113123618,1.6993320395202847
147907,[],[0.231515424423998],19,0,93.07491539111398,70.30033631549328
147921,[],[0.152057389940389],19,1,22.17697761584086,21.825823789723643
147992,[],[0.114408949136501],19,1,44.70513476748181,71.63646504216288
148010,[],[0.224490153799371],19,1,99.12816005275111,70.10992436009525
148208,[],[0.549038717059404],18,0,71.33617671861867,59.10583141582706
148267,[],[0.233834310605336],18,1,23.4700865339793,31.70679277873016
148339,[],[0.191156894572209],17,1,83.22381439300896,20.95655706761104
148343,[],[0.158704420478647],17,0,80.74182747947927,31.96296105176201
148345,[],[0.101490970112358],17,1,83.22721454079222,53.93323733916935
148389,[],[0.776443889855539],17,1,70.7968478232098,32.684515145633185
148402,[],[0.145798478649391],17,0,58.68111602632625,39.959212560930254
148474,[],[0.0933838379038514],17,1,49.922070589832614,10.129607769595372
148499,[],[0.214181836254474],17,0,48.94561364217571,66.43798552149319
148515,[],[0.156359564031554],17,0,84.58499598551157,37.043609538324716
148580,[],[0.682682239245293],16,1,77.78517300250505,11.438743696327014
148590,[],[0.115952753200325],16,0,40.667684683323294,16.500654376870877
148606,[],[0.193524250079698],16,1,45.5328472556512,6.884413254944973
148610,[],[0.612526869925369],16,1,81.40099192034876,15.280599492943225
148654,[],[0.673269884111272],16,1,72.26049375835018,27.00465784433557
148664,[],[0.284989475765711],16,1,68.45087073003599,45.01943314880704
148709,[],[0.785357427287313],16,1,76.46681960859067,13.987481983588411
148713,[],[0.135139630830606],16,1,62.670351717269725,9.806403202027655
148724,[],[0.60072101399184],16,0,72.16332735142858,4.7819041085501235
148770,[],[0.695638851177346],16,1,80.10105115035883,10.836407496587395
148773,[],[0.12155886914681],16,1,55.432531561296194,14.530475339158116
148783,[],[0.517225438278669],16,0,75.11341643803092,8.104803778484186
148792,[],[0.126397434732743],16,1,24.547620418617296,5.791349714485843
148861,[],[0.293392950950906],15,0,49.74189160360526,59.88646702662606
148868,[],[0.567878635561747],15,1,96.84758930326151,0.0
148870,[],[0.122203890333779],15,0,99.58554195088125,92.1433705606631
148887,[],[0.114540204014792],15,1,67.6933320522016,69.87819412628002
148923,[],[0.313009772630834],15,0,73.38508799944994,77.9563527776691
148969,[],[0.183855709780182],15,0,88.99869371113914,31.96216811054143
148984,[],[0.465013513663958],15,0,66.23610829243609,61.369303235615014
148987,[],[0.549055891660176],15,0,91.9194038315191,68.62031076990995
148988,[],[0.149691121054275],15,0,57.2786424669031,49.81013875653404
148990,[],[0.470130401665542],15,0,69.19426111161056,0.0
149031,[],[0.323351128168631],15,0,64.14132461270027,28.76031682522727
149041,[],[0.163981190803109],15,0,85.39944534206867,6.137527946111671
149072,[],[0.172330386415354],15,0,70.69941440640433,47.786829159000675
149088,[],[0.414369788635477],15,0,41.09046251769896,74.58392995606889
149095,[],[0.168362771898183],15,1,83.14334144115303,34.61822203761649
149116,[],[0.219665906730907],15,0,51.5953878491031,59.380216132529256
149124,[],[0.624636422617556],15,1,76.75743666194927,6.22006484862499
149134,[],[0.0418430875590036],15,0,38.156801587610275,58.54049584813385
149139,[],[0.596860649049075],14,0,74.17103037480167,28.33139259109309
149142,[],[0.101828847111198],14,0,38.511409924462704,54.79595620653864
149156,[],[0.132584937987894],14,1,96.12040956651921,79.74408542330013
149200,[],[0.190120788216768],14,0,71.46363576477336,80.22941060708524
149201,[],[0.237375432111503],14,1,19.642557172217085,5.137567214674562
149216,[],[0.134203361330186],14,0,91.41229029327789,44.16787065063936
149219,[],[0.168204581644668],14,1,49.74698396753845,23.956082875356724
149223,[],[0.12517650034716],14,1,46.729116205218396,2.9959249213468055
149235,[],[0.22136723075608],14,1,55.578626731821544,12.740956492613398
149240,[],[0.350371047848821],14,0,22.29131355006963,32.56799255093735
149241,[],[0.122402911416137],14,1,90.65311999336757,86.12699387759169
149257,[],[0.11187904322537],14,1,92.55461392197607,99.23662004199167
149260,[],[0.143127365808678],14,0,34.17748779827123,36.63030673604066
149328,[],[0.192692881140512],14,0,21.46996416904808,6.760661878422723
149331,[],[0.130154868606216],14,1,33.55886554878317,23.025771020074433
149359,[],[0.492357478989388],14,1,76.6276244458206,27.807877416376346
149366,[],[0.1845089125519],14,1,61.67999304688049,71.90653368787402
149405,[],[0.475291377234626],14,1,80.07617657449325,62.085443233214434
149410,[],[0.364526310168092],14,1,65.35291448236947,3.5554023940472947
149419,[],[0.169630578792942],13,1,76.39459655081436,79.40748417445492
149426,[],[0.174992496565972],13,1,85.56449365795675,26.911629449046334
149469,[],[0.527305088775122],13,1,69.70914837979828,28.56180441968358
149470,[],[0.107588645603588],13,0,65.87884645896621,23.48074735693898
149474,[],[0.226574956196891],13,1,70.42547342289568,24.2051606315786
149476,[],[0.624782089712271],13,0,82.94074529791158,63.64117404925413
149492,[],[0.565320707114502],13,1,88.65454511333155,65.78761363010169
149496,[],[0.316961478957489],13,0,82.62244507766455,44.38035929468893
149497,[],[0.0835815891119839],13,0,59.848835424988586,25.21106030642047
149506,[],[0.235676199769224],13,0,54.56789298357296,68.416867460929
149514,[],[0.565320707114502],13,0,88.89301834698375,65.83566584477184
149520,[],[0.143307911797512],13,1,72.11345785966294,54.93460559589309
149535,[],[0.879022867033028],13,0,74.63585552749238,3.335610615166442
149558,[],[0.318165876933295],13,0,72.62266320951439,37.198857952255096
149563,[],[0.593929156812354],13,1,77.03665883612867,4.571829327310656
149590,[],[0.142062484451168],13,0,91.36942167316157,48.29468887871474
149594,[],[0.297315689538239],13,0,83.03237270656325,45.80337098676209
149636,[],[0.0813686253713985],13,1,60.018676338481285,20.562197063041804
149640,[],[0.472677164151676],13,0,65.78698443917801,1.7449636736772356
149649,[],[0.232624796088009],13,1,93.23114156113931,66.43835743847629
149655,[],[0.611752359071027],13,0,73.48265814612431,61.42363382492737
149656,[],[0.458284117642171],13,1,60.614163794333,61.73730219743167
149660,[],[0.194468465861703],13,1,90.52877124993849,1.6178152418252272
149683,[],[0.574646429606871],13,0,71.09597007193197,0.0
149688,[],[0.8053935097919],13,1,76.81187870161428,21.489462021838563
149690,[],[0.109411414041364],13,0,85.17530541737963,54.15315373397073
149698,[],[0.143596547070078],12,1,80.9094568471972,75.64440438807137
149701,[],[0.429765057547259],12,1,64.64419531526048,55.57961672242421
149704,[],[0.235496010530348],12,0,57.38639803301352,64.22071208377949
149711,[],[0.166413060454909],12,1,90.60415356890704,28.52813839984145
149713,[],[0.12369044969411],12,0,56.60981806329213,41.94241722303172
149725,[],[0.171839592536088],12,0,98.49173227202458,85.16621919203777
149733,[],[0.0913323658794106],12,1,45.972325159025196,32.58567829102766
149734,[],[0.51062084907876],12,1,42.85168162821641,68.91134911710276
149757,[],[0.373219186216917],12,0,68.45811971073483,43.81484626472148
149759,[],[0.211375302350459],12,0,75.02459450660342,42.66026356374279
149765,[],[0.0926494580709682],12,0,38.866550526036306,17.339696404083288
149781,[],[0.336494186230756],12,1,89.99014589468335,38.90183041885732
149806,[],[0.435140782005008],12,0,54.61471647640672,63.89231024669756
149871,[],[0.157970627936265],12,1,94.66577616536017,37.886866648317095
149872,[],[0.469486077606983],12,0,99.999,60.66435986389367
149882,[],[0.586410957315497],12,0,79.30872741004228,12.839704838890478
149890,[],[0.188187001335514],12,0,93.48534883485975,27.656950188355328
149910,[],[0.108258272565864],12,0,54.71547096923922,23.601217457252876
149935,[],[0.128458595636547],12,0,95.04965542004817,19.58640891304097
149937,[],[0.566217604784756],12,0,91.60555888632932,69.06212498454849
149938,[],[0.122510722384301],12,0,6.7831557397746405,1.6323444042835846
149950,[],[0.208029548253434],12,0,99.35101505821238,2.483149828748319
149951,[],[0.162205039776709],12,1,99.999,78.42432278177132
149962,[],[0.102335499433932],11,1,45.360544464528786,55.490589371959956
149993,[],[0.168113498335215],11,0,67.64144567481624,13.693845793203112
149997,[],[0.642141494404245],11,0,71.13782052433005,30.928203012763603
149998,[],[0.233230707240046],11,0,54.14229107059327,60.4710448757128
150011,[],[0.534654615344401],11,0,82.2507653701678,65.88635545170126
150026,[],[0.127127266301337],11,0,75.19425441253296,49.379569177548156
150043,[],[0.145659669726567],11,1,25.32760783853657,18.350271157708725
150048,[],[0.348427046042011],11,0,63.97402810193048,47.7327667056438
150054,[],[0.197638925204245],11,0,64.88654014501138,5.053447667440905
150058,[],[0.419502546875454],11,1,50.163864211152266,63.30944260780375
150074,[],[0.173960606616991],11,0,69.0332948429714,11.985376915307095
150076,[],[0.122464793543503],11,1,44.80770904588541,78.96448325713285
150083,[],[0.542848336437995],11,0,80.84376042910547,12.241423572051069
150088,[],[0.699814375312935],11,1,69.19255022129616,33.79992666970813
150090,[],[0.281700415591992],11,0,71.12893383047138,77.26958222175367
150091,[],[0.499341881130713],11,0,63.879730213320634,44.25334119894529
150100,[],[0.421712640989038],11,0,60.61823871463773,64.32679532381019
150109,[],[0.551941359133969],11,1,86.67081886795424,65.07294639737496
150113,[],[0.506792352608176],11,1,75.01202902860781,61.5428632248974
150125,[],[0.178294637869116],11,0,84.83525591145315,29.78274911783102
150134,[],[0.130932297606745],11,0,97.65609211938693,60.88484039760851
150152,[],[0.717247558932212],11,0,77.97977488188113,6.955089243948355
150153,[],[0.256769089056677],11,1,48.04683697294829,60.59602638791013
150166,[],[0.10925546117713],11,1,47.34810048077301,48.92676996640876
150168,[],[0.560689901570973],11,0,15.732305292131842,0.0
150173,[],[0.122497024793331],11,0,36.528744994326125,25.03682212085593
150177,[],[0.280217397239162],11,1,35.492793647425515,1.083152346725301
150192,[],[0.173542942460475],11,1,61.406502378904264,2.7823747238940424
150202,[],[0.166202116601456],11,0,80.6984122950722,36.85661825124083
150220,[],[0.518176208913244],11,1,75.82559565275832,5.832464597091716
150226,[],[0.167627633766997],11,0,91.1792523961412,16.41295043982492
150228,[],[0.467107372479873],11,0,74.56010738748313,75.0885495609251
150229,[],[0.402016239511416],11,0,98.33604696806034,2.6050790048452024
150231,[],[0.0940534918046938],11,0,98.33131830323988,56.19009909910818
150241,[],[0.216086482751454],10,1,52.18419821479599,65.11280843492365
150254,[],[0.25544316987103],10,1,43.69179080929699,70.5977633183085
150263,[],[0.382199936114538],10,1,14.998431267112322,11.51856207310384
150267,[],[0.393186608121706],10,0,15.520492769114908,7.89546258803196
150270,[],[0.105324075012509],10,1,48.256797788376076,46.434500168320874
150271,[],[0.222404363455995],10,1,90.69203659297979,0.6262002008627292
150275,[],[0.526019280369802],10,0,73.96026230157007,31.87256006802822
150279,[],[0.526888369105559],10,1,71.90362626475338,33.37161485271965
150283,[],[0.159492512537449],10,1,34.848676337312945,25.26300770803561
150284,[],[0.651336077576957],10,0,77.48793865463345,16.89100002008672
150286,[],[0.760050826586841],10,1,73.04581673422655,28.32552112472541
150289,[],[0.103735012772133],10,1,57.156060600465125,17.492463447329726
150302,[],[0.62419542549576],10,0,73.61424347027312,26.098854579588423
150309,[],[0.113810676956174],10,1,89.66979691685668,88.0021490431698
150326,[],[0.215499087472869],10,1,43.12819218018023,35.6962936710171
150334,[],[0.491138675875973],10,0,80.57375167342568,11.409361449259542
150341,[],[0.163826117832803],10,0,86.60563804692275,19.416192523338932
150358,[],[0.172080046769807],10,0,77.30489802597893,46.45484349737678
150361,[],[0.678689754478608],10,1,78.26880071268722,9.035348573201139
150371,[],[0.329347962933975],10,1,40.732447332796326,70.81507533506476
150376,[],[0.222404363455995],10,1,90.07910513131951,0.0
150378,[],[0.492383784126819],10,1,79.98165965464288,11.5511846238888
150392,[],[0.529857097881819],10,1,65.95467099861315,60.96948606913096
150393,[],[0.145764251192303],10,0,95.10418608691155,36.83817458786456
150402,[],[0.287631019735238],10,1,75.28504655711185,79.1617456674635
150417,[],[0.194682313573484],10,0,93.18738715185239,53.3116148348601
150420,[],[0.37803059147758],10,1,71.41450543995103,37.42001880733154
150421,[],[0.166102412206786],10,1,34.58546586529618,4.6646457690594385
150424,[],[0.110781559952296],10,0,58.072319720798745,35.48942856533142
150429,[],[0.521732846735653],10,0,64.43279001167096,41.825972593440845
150437,[],[0.690277310990733],10,1,70.21006715912081,30.146349436293406
150444,[],[0.068992288750806],10,1,91.98144432570143,55.212485232899915
150446,[],[0.240224911000865],10,1,71.34689979392043,76.90808139271232
150451,[],[0.336494186230756],10,1,89.65606068692507,38.34818178314628
150454,[],[0.184113101079032],10,0,75.04552683901476,43.94207983176408
150458,[],[0.10512723800042],10,1,4.616042852658326,6.009819190982715
150462,[],[0.723432099986947],10,0,72.23544834123817,2.526548100162855
150466,[],[0.19468654084467],10,0,38.770986265126005,32.99886419825494
150471,[],[0.128252128645302],10,1,59.59045147137076,7.851044397726838
150485,[],[0.46276708493188],10,1,65.01311308163842,61.416091912210106
150488,[],[0.428279044102172],10,1,15.876021719252748,11.006424913300306
150489,[],[0.0439723398575163],10,0,85.77208759548077,95.8647211811269
150490,[],[0.666081629359071],10,1,69.05361851577088,34.059294687201415
150492,[],[0.324980970039692],10,1,22.985943598171417,31.842302003407216
150502,[],[0.128989618915129],9,0,54.832157387441576,43.295326464848195
150514,[],[0.0976386643401412],9,1,2.3115899212904236,0.22339422606534898
150523,[],[0.471457940141774],9,1,77.86160806529251,25.350311790548716
150531,[],[0.0946826527994206],9,0,27.600783867813952,33.95807935483194
150533,[],[0.189311281932964],9,0,81.75651636705348,27.79798768045021
150542,[],[0.277514338384871],9,1,65.69232456882906,57.788408249403695
150557,[],[0.108346437133803],9,1,99.47682448242989,99.01288985977224
150561,[],[0.263870868333665],9,1,91.27392242964618,65.09530690270833
150566,[],[0.134495266289782],9,1,96.47324247275803,47.60825398555076
150572,[],[0.417635726887486],9,0,64.24055540009391,62.345107863592965
150579,[],[0.578953641954],9,0,80.87657662774441,13.573417534891862
150582,[],[0.145768937907426],9,0,93.93765786929947,9.21122001593272
150596,[],[0.574443770032147],9,1,67.3323211426072,40.864540372873755
150598,[],[0.221173984200875],9,1,18.93689701715221,25.318002580482627
150604,[],[0.369692151050525],9,0,90.49233974470484,38.84611976351896
150614,[],[0.182991406881563],9,1,68.95442547324792,9.327102577957074
150616,[],[0.30146539640722],9,1,88.22489061490329,0.0
150620,[],[0.172428441901899],9,0,20.798676788614966,25.28761866440842
150641,[],[0.145552923352664],9,0,93.02307899944877,4.845993077087779
150646,[],[0.250090855175799],9,0,19.098845118607098,26.282571436571235
150650,[],[0.761896665450505],9,1,77.94594126018488,13.910587445817056
150664,[],[0.508774429175532],9,1,93.68094184355039,67.84682543263769
150667,[],[0.444075408017684],9,1,79.77728499830285,61.24386978680955
150675,[],[0.156324251441409],9,0,89.43582572139464,25.59197317157749
150684,[],[0.111073128551899],9,1,24.81125100001289,15.484887413409233
150694,[],[0.195513218454945],9,1,73.80842565155285,58.85060232202493
150700,[],[0.220972225058876],9,0,46.44418993497206,7.449152241805784
150713,[],[0.636004087802752],9,1,64.50899797148453,44.50514633652225
150726,[],[0.136124214127888],9,1,51.9123158043637,47.67854341018627
150732,[],[0.146586820448045],9,1,75.35369989976806,71.96032146595199
150734,[],[0.0771933276090606],9,1,25.961364888766887,3.4072106054598628
150735,[],[0.14262115413986],9,0,50.8759325649067,71.65253347552158
150742,[],[0.110782993203063],9,0,31.665032411308886,2.109996757770564
150753,[],[0.0984229690003049],9,1,57.8435447600034,5.500887778299556
150758,[],[0.154415904091516],9,1,87.99163853687064,23.066846144923268
150760,[],[0.321272738340427],9,0,89.30722823516285,37.5771919081092
150761,[],[0.480883425222069],9,0,68.62898791429704,42.40156752478435
150771,[],[0.503295233835351],9,1,86.43045490353504,64.95336105484992
150782,[],[0.506002898440235],8,0,68.79506083966537,39.35353899284284
150784,[],[0.138846622314021],8,0,77.86086316860006,57.49867632575388
150785,[],[0.17461539295965],8,0,61.448672960609315,49.016500433311585
150793,[],[0.187985202306577],8,1,81.8908104446356,36.08893790318322
150799,[],[0.182555890939332],8,0,68.03944177603856,13.557365847394802
150800,[],[0.3233500571746],8,0,91.03788147300224,38.13986295494826
150801,[],[0.574646429606871],8,1,71.32671357928449,0.5747147992089459
150803,[],[0.565320707114502],8,0,88.47293035623872,65.83438735999948
150815,[],[0.222968837140547],8,1,45.32869724758975,23.815646587050264
150816,[],[0.711411535647018],8,0,78.33083539048164,20.325486856183463
150820,[],[0.111126062982541],8,0,43.23649194602963,24.48752828413408
150824,[],[0.158923711715536],8,0,56.956959833059294,70.32971295097184
150827,[],[0.169480279306731],8,0,82.10593370172673,27.287307053930743
150828,[],[0.0976386643401412],8,1,2.1806768639139733,0.4153758614555283
150838,[],[0.129214262592028],8,1,99.07569912587513,41.731308987332255
150842,[],[0.116607460438853],8,1,46.51555339738828,11.206857398019281
150843,[],[0.499778334713631],8,0,84.37502966677435,64.66455211243498
150850,[],[0.133639612010273],8,1,92.4244933653096,85.47339884410367
150852,[],[0.370175208054626],8,0,57.3791764746293,60.74267769927115
150853,[],[0.450986617331553],8,1,84.83626973077823,66.38792103114316
150856,[],[0.444876700271394],8,0,73.07067797495519,62.383310040962826
150858,[],[0.541597310632582],8,1,69.93128166902285,38.48946145676169
150863,[],[0.107005035119083],8,0,85.79672633662939,87.63854103624136
150865,[],[0.510329262470502],8,1,64.87665546650976,45.27123097425262
150870,[],[0.225062619456888],8,0,34.52595229415621,2.0889789204420404
150874,[],[0.219167741805176],8,1,47.6616963082853,22.53160945631656
150878,[],[0.370232772048958],8,1,64.14068859532351,3.559883022977268
150887,[],[0.776404841139332],8,0,71.28817962044467,31.509232771781488
150890,[],[0.502135108573873],8,1,84.40593957296564,63.03099375460559
150891,[],[0.359073445266757],8,0,71.0046621715984,78.71593748080008
150894,[],[0.679775053036522],8,1,76.74495055652397,14.859749964863388
150896,[],[0.16646807972218],8,0,88.5068127930781,44.89470962843512
150923,[],[0.621810189031512],8,1,92.64420658807607,68.97458791726542
150924,[],[0.749448478614623],8,1,76.47693102372737,16.37400703424226
150927,[],[0.183802898284652],8,1,89.56178287622764,33.246858392174644
150929,[],[0.467967454507076],8,1,84.5227606954397,65.84442628860697
150932,[],[0.728769885418801],8,0,73.21932635152865,29.465849291354363
150935,[],[0.138383452966583],8,0,97.94400513138112,86.31932591075696
150954,[],[0.251982493768627],8,0,36.84485580024898,2.8538403469692724
150956,[],[0.181634622052775],8,0,54.329703033884165,10.775665877608278
150961,[],[0.147266538507774],8,0,27.50744201341387,21.47966709094055
150974,[],[0.781264525072539],8,1,77.70311684942385,9.72270182907537
150982,[],[0.790997596185534],8,1,70.89627901370262,1.838541851619769
150983,[],[0.439638625336316],8,1,18.36220134602795,2.656724642241268
150992,[],[0.271540255396413],8,0,39.40461736241471,35.70030172175817
150996,[],[0.433251828338849],8,0,64.59362057172717,54.787514734601366
150999,[],[0.685034888677162],8,1,93.36024675962977,68.3608183077374
151002,[],[0.146674811626873],8,0,57.60816651883337,50.6121364980592
151006,[],[0.254323194979153],8,0,58.9467838903678,69.09222384049716
151007,[],[0.122115406670343],8,0,95.86296996526579,80.98872916396748
151012,[],[0.182609875229882],8,1,48.54709628334027,4.726651003193522
151025,[],[0.101509088232678],8,1,14.052467822283726,15.425978271144112
151036,[],[0.454805587968071],8,0,76.81851501390766,61.320759806646095
151037,[],[0.428279044102172],8,1,15.32683596118135,11.355774617832246
151038,[],[0.229529226851401],8,0,52.98307951354874,58.24347333169772
151041,[],[0.721127553010707],8,1,71.61459815830425,29.985150256395908
151043,[],[0.0930955474746933],8,1,32.23353539756634,39.14670798190566
151044,[],[0.217448004302867],8,0,44.63574201847924,9.456961901320813
151052,[],[0.517225438278669],8,1,75.91683206553185,8.27157166581661
151064,[],[0.0986519437586095],7,0,58.689229490866325,13.623136873669957
151065,[],[0.576648818150509],7,0,64.751249870827,40.65851990504327
151069,[],[0.449464228339212],7,1,42.94758922165283,69.16855616495958
151072,[],[0.506002898440235],7,0,68.54603017329477,39.38123021270722
151075,[],[0.30835357369382],7,1,70.56663966479435,41.176632306137066
151077,[],[0.243728616327445],7,1,13.012524619059786,9.69496809394018
151084,[],[0.10548784750242],7,1,55.26134760117858,34.02125019200281
151093,[],[0.183211456416753],7,0,97.94533852917404,16.31838847913002
151096,[],[0.726954151072169],7,0,77.04509113532868,20.475781942361245
151103,[],[0.0703425238524197],7,0,14.510965869459325,16.117272762496892
151106,[],[0.178225583162564],7,0,79.06611375098133,71.88525389919594
151107,[],[0.22488430639238],7,0,46.39481127526523,22.179474973011455
151115,[],[0.534028805968639],7,0,74.6439179267524,62.15813019788944
151119,[],[0.16509083200161],7,0,65.52950672833778,6.041303446774273
151121,[],[0.162591439718376],7,0,86.54535679803034,21.280151827304547
151124,[],[0.153778707292842],7,1,89.87123345091996,8.93819124801447
151125,[],[0.526888369105559],7,1,71.62388110096137,33.09305614499102
151129,[],[0.744629228129205],7,0,72.61337425256411,30.393760682084494
151133,[],[0.126105982221988],7,0,14.153468705211699,28.868742707911245
151140,[],[0.503295233835351],7,1,86.22757624625629,64.67979190457605
151141,[],[0.511039864926185],7,1,63.92602001553786,54.08780483462271
151144,[],[0.404682711328385],7,0,46.647937147131664,61.71823183834956
151149,[],[0.631556766933038],7,1,79.00667206935745,13.326995538148775
151151,[],[0.220256017595523],7,0,93.4064681680603,41.56935970985636
151154,[],[0.119165285001463],7,0,68.32130432117015,70.7370907264159
151163,[],[0.444743930052267],7,0,63.69864790005039,40.736683706764985
151167,[],[0.695923168242463],7,0,63.3021742689018,1.258859916276565
151168,[],[0.215029205064598],7,0,97.99175916522981,25.775614881390297
151169,[],[0.16088187278973],7,0,80.87276355518775,52.16519966153336
151172,[],[0.238050068754029],7,0,70.89487272464201,77.10120580484522
151176,[],[0.350467620077096],7,0,79.7906298451324,65.3958824877156
151177,[],[0.500076586607695],7,0,85.00981185807883,64.86951714950978
151179,[],[0.24294410575841],7,1,42.73561605648322,35.16558895368443
151181,[],[0.609545014774801],7,1,74.61038697990278,2.6604830985355425
151184,[],[0.190412061385138],7,1,42.137966066841486,40.668411121051136
151188,[],[0.612793948094353],7,1,66.81876803557745,40.378225565861705
151189,[],[0.285881795070433],7,0,13.100202403591785,10.8178086861502
151193,[],[0.172897032152002],7,1,91.84634064775939,30.490218756169806
151199,[],[0.203361627021833],7,0,42.91399574031156,39.17892146601053
151200,[],[0.106362407669258],7,0,12.713430562004987,30.47632756037049
151205,[],[0.165603254721413],7,0,27.505340634859643,25.115957206941953
151206,[],[0.171252244883697],7,1,25.71894026062859,24.47752020731462
151207,[],[0.241414968580918],7,1,39.79869533430413,37.32174854262577
151215,[],[0.302025175637393],7,0,48.969205840838,15.145429670373105
151218,[],[0.343336562299873],7,0,78.09465973404433,74.20658446245864
151227,[],[0.759712279360949],7,0,76.06067406846994,12.968024051506344
151229,[],[0.137225929583599],7,1,57.65717877851359,8.085206456067121
151232,[],[0.171277845599957],7,1,86.33327207963293,39.69042740132952
151237,[],[0.642004044018597],7,0,68.70778690806046,60.438754394371536
151239,[],[0.439211454693876],7,0,62.2849907550929,62.63639946451979
151241,[],[0.543360889534503],7,1,68.17104954797514,61.808567745491125
151243,[],[0.403025090884526],7,1,41.12214444070487,73.41913610837142
151246,[],[0.286599544134142],7,0,83.04352931015013,46.208877473346114
151247,[],[0.187908262488332],7,1,96.02440147062426,25.884315599620557
151248,[],[0.49513446351919],7,0,70.50919186700354,3.555230156423162
151249,[],[0.374694805840558],7,0,13.540941960911363,0.0
151253,[],[0.543237843691136],7,1,82.42565553018444,16.910500903678212
151254,[],[0.649334198633591],7,1,65.61859726320772,43.98088830842957
151257,[],[0.10743402969591],7,1,99.87410686960621,56.83792992411411
151261,[],[0.484553622940716],7,1,16.792928363606197,1.312331553450284
151262,[],[0.245293073685506],7,1,45.00940333216857,22.745550541992035
151263,[],[0.145774545296406],7,1,92.60322669745433,13.217667737177853
151268,[],[0.684579728716016],7,1,79.95488073719974,14.042731687675087
151272,[],[0.159325748973742],7,1,52.70869541468424,25.113125198904584
151275,[],[0.357392700222214],7,0,73.79990384441787,34.500902027463965
151276,[],[0.130933089987542],7,0,98.4642350299081,26.931367275122266
151284,[],[0.284541232318544],7,1,86.11215735366655,43.65000682771134
151287,[],[0.30159645654833],7,0,16.530748315676632,4.0507991894640085
151289,[],[0.8053935097919],7,1,76.03494079559123,21.983567434387705
151291,[],[0.732037064928483],7,0,75.05486313613878,4.914144460944218
151298,[],[0.169218182465528],7,0,85.21394389714031,36.33128158116777
151304,[],[0.139945492444763],7,0,38.60262450225361,20.443200397930745
151306,[],[0.173352839829382],7,1,80.15914535741517,29.12757950226828
151324,[],[0.228308480291619],6,1,49.35856151869601,65.11073303044535
151338,[],[0.556090126873943],6,0,74.91006063734959,30.69666546737105
151348,[],[0.105468390565147],6,0,94.0669442984391,80.98275299504894
151350,[],[0.497999223123966],6,0,67.43391027364888,29.806175611769746
151357,[],[0.223921192239054],6,0,99.07209263570432,13.420843477164794
151359,[],[0.124987386406082],6,0,60.77006497671465,30.4545833565696
151365,[],[0.162398716455975],6,0,58.38161343920287,45.05884797017893
151366,[],[0.602484274988918],6,0,73.18966665417469,24.00020384404983
151368,[],[0.204745648973129],6,0,70.64727932805827,46.95130906557271
151369,[],[0.103193816687411],6,0,43.15471124187547,59.40521979244388
151377,[],[0.534028805968639],6,0,74.87005283141332,62.44186193338304
151382,[],[0.314341493877527],6,0,21.297300975150385,30.118139537563902
151385,[],[0.559109553733387],6,0,15.161559041928927,1.9201316113161457
151390,[],[0.709489837186714],6,1,76.85268569748084,15.505210295029299
151391,[],[0.295945430366266],6,0,81.73926479740143,47.76051770977481
151394,[],[0.344214620238558],6,0,66.0092319611031,58.76029858053847
151395,[],[0.134041787830937],6,1,95.79708652770367,47.6537686629724
151401,[],[0.661530413138474],6,1,68.49945794551621,35.05776741501906
151408,[],[0.108907444673278],6,1,27.57457460137263,3.9269918510563415
151411,[],[0.611752359071027],6,0,73.70677182551727,61.00554398197745
151416,[],[0.148922347965618],6,0,29.239072128894023,22.779071275298485
151419,[],[0.124147143069861],6,0,99.73859969267109,47.689046543626894
151420,[],[0.541857154978072],6,0,80.0491595927608,63.76527866691263
151425,[],[0.503295233835351],6,0,86.99507184038326,64.40314534919462
151427,[],[0.687001980258],6,1,77.24474250748797,15.278113093261965
151436,[],[0.251293842225617],6,1,62.00240609366448,54.84568786727936
151438,[],[0.101280936142453],6,0,41.1679627579955,76.19537440930563
151443,[],[0.236394467363118],6,0,52.28504360084128,60.44278957131391
151450,[],[0.212102512952874],6,0,75.13590969245281,76.35876398069965
151455,[],[0.115074426024815],6,1,65.43622105925371,19.742306385823294
151462,[],[0.59979747541949],6,1,75.19429092607642,6.034995167855346
151464,[],[0.554627343700157],6,1,99.78263444227362,1.3078568948094773
151471,[],[0.135772662420977],6,0,46.10441350407265,36.45246539287971
151473,[],[0.463373535450561],6,0,63.09796765724008,56.14949559389031
151479,[],[0.366617310519394],6,0,17.234630651431285,2.4631738922373567
151481,[],[0.168182119345741],6,0,87.48925610321932,13.083670440671241
151484,[],[0.311066522722557],6,0,80.2533284870584,42.71222042785056
151496,[],[0.46413706787193],6,0,81.79081317911418,9.616812875263982
151498,[],[0.344861404487685],6,1,81.15013324422338,42.40558736789564
151499,[],[0.386876940851931],6,1,90.00020271839773,69.0541101719811
151502,[],[0.664341244413478],6,1,90.41905241100064,67.86902138185711
151506,[],[0.478731454115267],6,1,61.64663561539474,61.52539517969119
151512,[],[0.540864918597958],6,1,70.10482279809573,34.15099055718727
151518,[],[0.120997067887051],6,0,46.35093053154334,14.531270421149655
151522,[],[0.511606866668632],6,1,79.28236129807684,62.475728891791306
151531,[],[0.171841683028328],6,1,87.75993363244616,28.723383036391308
151532,[],[0.379332033180979],6,1,44.98618249725906,66.54544703507035
151536,[],[0.27675509678589],6,0,86.49518262376874,42.28675122279513
151537,[],[0.324724242530917],6,1,81.23404991733302,45.89273072473816
151541,[],[0.174973473473557],6,1,76.35152086034154,73.06517624188945
151543,[],[0.189307457549611],6,1,70.13828952462418,12.09089869259817
151545,[],[0.699814375312935],6,1,69.32171370679941,33.34826629960089
151554,[],[0.273212400638693],6,1,61.30809154316964,60.662498111787095
151555,[],[0.286002100324016],6,0,90.53997151943751,43.452161325639146
151561,[],[0.254757466687073],6,0,37.7798817211862,35.95049333090079
151564,[],[0.173116512107683],6,1,63.577441185856,6.5536302919906255
151571,[],[0.167471862328794],6,0,51.68904645408829,22.841818938533116
151572,[],[0.467792563384584],6,1,16.710456828929487,0.0
151574,[],[0.101354088264397],6,0,93.08194984950883,89.49665346840695
151575,[],[0.133006739818819],6,1,41.082360462857224,29.21014898798367
151576,[],[0.317549366571851],6,1,67.3828785270967,33.05064861782779
151577,[],[0.392726386984489],6,1,75.76295281170572,13.309648052239725
151584,[],[0.578953641954],6,1,80.21251019965918,13.007533937519474
151589,[],[0.125056006970112],6,0,59.16359480933271,32.73827417373986
151597,[],[0.636004087802752],5,0,64.07133938561113,44.1515476135939
151599,[],[0.598437435638028],5,0,70.90442886496318,31.351453162092252
151600,[],[0.101280936142453],5,1,41.207001606319444,76.23239097018804
151601,[],[0.565531851890959],5,1,74.3369844365819,23.09511934902447
151603,[],[0.128947931261295],5,1,44.36156754866639,76.2793299328727
151604,[],[0.156330733961698],5,0,52.250713267771204,27.258227393779833
151605,[],[0.210635027287788],5,1,67.16850470515922,58.88096104286672
151607,[],[0.0994439535927533],5,0,96.05046654416002,77.65563562226089
151611,[],[0.495427287217828],5,0,66.0642844646626,43.01218557762604
151612,[],[0.30146539640722],5,1,88.77014208144685,0.0
151614,[],[0.0411501054338749],5,1,83.17794836538931,84.55475714588322
151616,[],[0.619751078881842],5,1,67.1065462151656,61.43962910880846
151619,[],[0.551570960105064],5,1,54.406698791040846,61.82221602198879
151623,[],[0.129451986207698],5,0,21.381486203513006,22.273578963122837
151625,[],[0.318857990602923],5,1,13.258421782542774,2.6735844904267965
151632,[],[0.502135108573873],5,0,84.41640336668769,63.76088702596897
151641,[],[0.8053935097919],5,1,76.72712913003163,21.00960747457813
151642,[],[0.160455093277405],5,0,67.04141792673235,10.538875813799127
151643,[],[0.126215098743186],5,0,89.0818750666161,99.71504201726844
151645,[],[0.176965125584818],5,0,89.1287333238506,28.74911536101795
151648,[],[0.441047550428966],5,0,14.33173432482216,0.8550791438561469
151649,[],[0.726954151072169],5,1,77.49313860912419,20.28408115362131
151654,[],[0.627726845843936],5,0,73.98987422740801,25.327802417306625
151666,[],[0.744629228129205],5,0,72.02283733822769,30.02241242310307
151675,[],[0.506413001640839],5,0,63.68250903187484,61.47902508202224
151678,[],[0.498797276201177],5,1,73.78823643813668,5.9419410549900755
151679,[],[0.775363546207751],5,1,69.85458836065426,1.7957045943442682
151681,[],[0.337146726998382],5,0,86.77054045718943,68.68391244014902
151685,[],[0.626611570169058],5,1,73.3673511659667,23.23989793658177
151688,[],[0.090064047077485],5,1,38.226519381527964,13.43346013519792
151689,[],[0.771295938859775],5,0,74.12967092861797,4.768653801782259
151692,[],[0.430900723781638],5,1,73.63528380013412,6.461955420931451
151695,[],[0.168924815009707],5,0,47.91984586414627,12.088526065521867
151697,[],[0.180048461735913],5,1,43.97135011690124,34.12117665291793
151704,[],[0.231623373656955],5,1,43.24609609211481,10.91216647040082
151705,[],[0.580650084591984],5,1,66.64979862325634,60.62568128402155
151707,[],[0.168899363571798],5,0,77.76156542127237,42.81672999911485
151709,[],[0.12500149224283],5,0,54.27257153382747,12.364676184930614
151718,[],[0.345834849060086],5,0,15.098534566532429,14.087356570322171
151719,[],[0.485087928110538],5,0,74.08900534345801,31.668936654338207
151720,[],[0.162160638173994],5,0,92.90078531254888,36.44848239456944
151722,[],[0.349326392293948],5,1,59.403461776687855,65.98996527172434
151723,[],[0.609545014774801],5,1,74.10879670470699,2.342450378566141
151731,[],[0.097820684694541],5,1,9.89507981966443,11.073626200936854
151732,[],[0.666081629359071],5,0,69.45817012566393,34.28911791992683
151737,[],[0.140136104187193],5,0,43.637959534042274,31.105923103259794
151740,[],[0.0945411785213165],5,0,91.52037261468551,98.57991223556067
151742,[],[0.113810676956174],5,0,89.1328729854625,88.98119475775266
151743,[],[0.709489837186714],5,0,76.2020945476597,15.14817715527418
151749,[],[0.516962004704157],5,1,74.32096638683718,29.677989952683095
151752,[],[0.426152113657358],5,1,14.963100231850314,4.774532419380521
151753,[],[0.160825392588967],5,0,89.45068425591414,10.009383136348443
151755,[],[0.119770087653842],5,1,10.940408860302698,25.18394651503812
151756,[],[0.124987386406082],5,1,60.4846045017794,30.038575191096577
151767,[],[0.289237832555667],5,0,20.26605801490684,29.2834731688892
151768,[],[0.483450668162146],5,1,66.06665668925915,59.792550529866986
151771,[],[0.358586790103723],5,1,92.10778940796791,66.3721002734059
151774,[],[0.155226950487357],5,1,25.208459458914003,23.489365132404522
151775,[],[0.171964109731176],5,1,90.6651676362755,14.792692502720735
151776,[],[0.558190734916831],5,0,83.51138786777805,63.52247231699767
151787,[],[0.298546100048048],5,1,16.496121784377415,9.864953178728243
151788,[],[0.213108129019113],5,0,59.800073445610785,70.19646671841464
151790,[],[0.624782089712271],5,0,82.67198794008011,63.576699712139764
151794,[],[0.206056385523554],5,1,84.25893593982585,14.951753321541458
151797,[],[0.133006739818819],5,0,41.48426779809737,29.69558690335007
151800,[],[0.27147521647098],5,1,75.62772410600793,59.70588405936321
151807,[],[0.666081629359071],5,0,69.39270569873712,34.140052150324095
151814,[],[0.485473932457134],5,1,80.05727036707755,64.69914360372952
151816,[],[0.235676199769224],5,1,54.93167246960385,68.15142749644282
151821,[],[0.185670032605498],5,0,61.94371671028237,55.66804884576125
151822,[],[0.382199936114538],5,0,14.862435075200388,11.069399964977872
151823,[],[0.163378613186966],5,0,87.18148775143835,8.901980870187428
151830,[],[0.148849153947507],5,1,59.81265515460163,49.189002021395176
151837,[],[0.728769885418801],5,0,73.51776251224223,29.03225837204483
151838,[],[0.11542843323409],5,0,4.126698842018187,5.332611530972817
151839,[],[0.403025090884526],5,1,41.19002050613301,73.72361341865559
151848,[],[0.245074934109514],5,0,70.82516002119897,5.4205011044020255
151849,[],[0.132800777367563],5,1,26.32819578397731,21.46636337893714
151851,[],[0.291097331504673],5,1,99.54436362725694,15.415603469915741
151852,[],[0.165185883019492],5,0,16.723452484855837,7.498266029064136
151853,[],[0.221968971044204],5,1,69.89064425010007,16.99329449724943
151856,[],[0.16347263905103],5,0,68.42487884511843,7.356868282550612
151857,[],[0.555601188034922],5,1,75.39144821207691,63.28834348662214
151862,[],[0.630468139304186],5,1,77.8090450448154,7.6843684279083515
151863,[],[0.643932553619926],5,0,68.89363677760413,36.44266204382757
151864,[],[0.184949080977926],5,0,91.66596955098447,1.7406762090407515
151868,[],[0.456976185083899],5,0,67.77653682691955,42.65438226486399
151870,[],[0.163826117832803],5,1,86.83885885908603,19.308975707336767
151871,[],[0.690880275272035],5,1,76.82391683519083,22.318626741212107
151873,[],[0.230693494996402],5,0,42.20016765360115,37.73637410746855
151881,[],[0.146532515127184],4,1,82.52967236615828,30.798350754753308
151882,[],[0.549996736995987],4,1,73.69010373026138,22.718401659730027
151883,[],[0.193818721644638],4,1,78.23397584449927,29.691016092776408
151888,[],[0.160665891870967],4,0,78.63668391433184,54.36645174607748
151890,[],[0.387098372290898],4,1,16.696827532727433,3.8206771966137376
151891,[],[0.28889776873317],4,1,73.10896865970878,37.11835855895246
151892,[],[0.17976693913771],4,1,17.133526378567407,28.11578908759573
151894,[],[0.462240887526206],4,0,91.52622319771629,67.56861384661843
151896,[],[0.0998652985098823],4,1,48.69967305887922,9.911362524509936
151906,[],[0.570022645354947],4,0,75.05428568267138,26.122608984378154
151911,[],[0.699814375312935],4,0,69.14444388305348,33.76826418976913
151913,[],[0.457345939968534],4,0,67.47911239326918,41.18133995474088
151917,[],[0.188015296703044],4,0,31.437996717201692,20.869831422787648
151919,[],[0.349326392293948],4,0,59.24020365234515,65.24108386277933
151921,[],[0.682682239245293],4,0,77.61961917465985,11.241871207198411
151922,[],[0.523639967413395],4,0,65.88839604902226,40.14210433627897
151928,[],[0.525726348321573],4,1,77.12497139374042,23.141869895901774
151930,[],[0.170283657438893],4,0,75.9361266499913,48.40228592277317
151931,[],[0.110638048538173],4,0,45.6416606253447,46.46904395371413
151932,[],[0.386117124464324],4,1,66.48373654970885,3.5027661715619325
151934,[],[0.416231270620123],4,1,88.9505687261764,67.34118870670237
151935,[],[0.203581235568237],4,1,84.8136330810915,40.56122851153444
151940,[],[0.721127553010707],4,1,71.12126136859445,29.577930154631407
151941,[],[0.546180369726281],4,1,71.88206552688102,27.30503240982383
151943,[],[0.128452935412259],4,0,53.126212338633074,56.1052710854289
151949,[],[0.684950528400276],4,0,75.57211792010244,21.701363859860155
151950,[],[0.144838969501264],4,1,96.46862714493652,37.12233622332173
151952,[],[0.690880275272035],4,0,76.50240992243008,22.57116873716327
151953,[],[0.570903011378043],4,1,74.90317040689308,22.060649623596856
151955,[],[0.237021210212276],4,0,38.3701331042779,36.541331497408365
151957,[],[0.327765822119029],4,0,65.45907494434216,46.47745633890554
151959,[],[0.319363603074692],4,0,62.42516733633785,56.12326473616485
151961,[],[0.1819356303128],4,0,16.517135605559236,25.197515889108743
151962,[],[0.664341244413478],4,0,90.42474558533566,67.3149914259035
151963,[],[0.213518242340283],4,0,36.07565718694394,35.20703138074849
151969,[],[0.551941359133969],4,1,86.91088601719323,65.69652274490666
151970,[],[0.616861265517875],4,0,67.30001308449832,38.49649446129712
151971,[],[0.0757177487188386],4,0,15.950742683728027,32.61210481723233
151973,[],[0.457929334051522],4,1,62.12797406442287,45.96577044661893
151975,[],[0.799224552027741],4,1,72.81926904554733,3.3751625752183467
151976,[],[0.103956669542529],4,0,54.40879114844946,31.804891166255032
151978,[],[0.525546979146219],4,1,68.53025195303398,29.51600553998775
151979,[],[0.408693751855459],4,0,83.7045325904295,67.00610192792657
151980,[],[0.108705924406406],4,1,88.61859360496506,84.34269371083407
151981,[],[0.506413001640839],4,1,63.9900948342595,61.22512924085685
151983,[],[0.106886478044471],4,0,46.1065059249823,47.93817457072614
151986,[],[0.333891503151635],4,0,21.100182043640185,31.000712815653454
151989,[],[0.77214677247549],4,0,72.79511909141728,0.8610430814674506
151990,[],[0.54456769739571],4,0,78.14099494176595,22.537495567851124
151991,[],[0.240169030443647],4,1,83.39034623025171,48.52795777424339
151995,[],[0.690880275272035],4,1,76.42777701163432,22.460196128760373
151999,[],[0.122900513906286],4,1,41.084453514876394,5.040617992047878
152000,[],[0.247395852441004],4,1,74.021981735988,80.83071654961549
152004,[],[0.458534402219931],4,0,42.9267302129833,70.92149803953181
152005,[],[0.220028897803047],4,0,46.52305159337439,66.53371690643125
152006,[],[0.112421756650857],4,1,41.39066026994767,9.714988958758472
152010,[],[0.310038211584369],4,1,74.83710582547458,13.120478242349247
152012,[],[0.829943776770179],4,0,72.03845431190189,29.15333291570437
152014,[],[0.169739546928781],4,0,44.33098307400268,10.772629337354656
152017,[],[0.130944977931983],4,1,43.065748620293704,4.774484409512377
152020,[],[0.241944211384015],4,0,84.59764958056827,15.772330056626732
152021,[],[0.744070007316153],4,0,77.78092427105332,21.446331786438858
152026,[],[0.536153308072902],4,1,69.83852973440737,35.751624243219126
152030,[],[0.139224342233056],4,1,99.999,29.77275796212581
152031,[],[0.175427275492855],4,0,92.57155209627442,16.60861036349663
152035,[],[0.242139728220339],4,1,76.16156232676785,35.43807149529731
152037,[],[0.270521253690773],4,0,48.81984543621922,65.89363005139096
152038,[],[0.507267357213578],4,0,81.74931031642537,13.630728687912994
152039,[],[0.204031762691391],4,0,55.67644172318178,58.669465277269914
152041,[],[0.393174305382884],4,1,15.521712128725614,10.977664100131758
152042,[],[0.3233500571746],4,0,91.37559978495301,38.65120910530671
152043,[],[0.27675509678589],4,1,86.23359737821727,42.360898467741244
152045,[],[0.128977142936027],4,1,64.99330980700407,12.754577950642808
152048,[],[0.790997596185534],4,0,70.78764366364872,1.8550759750947892
152050,[],[0.538860015986621],4,0,76.35848684577029,63.199819199749776
152051,[],[0.145930519592427],4,1,99.07066828802155,38.545511689505666
152053,[],[0.154345611103928],4,1,7.537788983722732,3.2679296774416327
152056,[],[0.205693333728017],4,0,58.79843248708791,70.69981436541259
152057,[],[0.187174076732188],4,0,70.14987951219751,13.320789298710894
152058,[],[0.140278100344197],4,0,93.01876548585689,24.310247199544197
152059,[],[0.499778334713631],4,1,84.86167332929396,64.76718896595594
152060,[],[0.211584329249616],4,0,20.60004216461066,30.08139260728098
152064,[],[0.744070007316153],4,1,77.39911096454703,21.85803801398547
152065,[],[0.244697165522462],4,1,78.61989409645277,65.23268075842103
152067,[],[0.139105916949052],4,1,64.66717489987181,72.460186561787
152068,[],[0.448320796505119],4,1,60.77378213045684,63.31855149077987
152072,[],[0.305449353406261],4,0,73.0495420252956,36.46086381649371
152073,[],[0.183213795011696],4,0,76.32677081285578,78.10726672687302
152075,[],[0.147532290584927],4,0,88.06200139477627,23.59568613029984
152076,[],[0.41293640451573],4,0,79.26519657857794,20.416796871732693
152079,[],[0.233834310605336],4,1,23.44630705555702,31.709861361218532
152080,[],[0.552222208416858],4,1,64.84618595470954,43.71748567449548
152084,[],[0.462240887526206],4,1,91.89263102169421,67.44725481998218
152085,[],[0.631721552372556],4,0,67.57602530793825,39.411344124858594
152087,[],[0.687001980258],4,1,77.06854306481311,15.235090717439009
152088,[],[0.129901205843004],4,0,13.639625620120345,14.958382629441271
152090,[],[0.632292385642285],4,1,77.9871684651415,12.382233024570247
152091,[],[0.744629228129205],4,0,72.95940591976513,30.100186376603983
152093,[],[0.565531851890959],4,1,74.98486379472295,23.00461337812488
152094,[],[0.151845234149139],4,1,48.24140670161078,3.780714531135613
152097,[],[0.473693291616527],4,0,79.02832519744622,63.09300351507128
152098,[],[0.254757466687073],4,0,37.68081580638056,35.587339831723625
152100,[],[0.789624940225363],4,1,78.57072392659661,14.811241501599811
152104,[],[0.275675045443866],4,0,51.26786784691715,60.00537214366912
152111,[],[0.202748919314292],4,1,47.394677322948894,62.74990276324685
152113,[],[0.161989118986015],4,0,92.65670687164936,2.4073947350625335
152114,[],[0.0804219317622507],4,1,31.796128844163444,29.85467421039115
152121,[],[0.193609773328701],4,0,87.33334018490768,31.012118721032493
152122,[],[0.697604192495566],4,1,76.22635970492328,5.762182822242005
152123,[],[0.129989191142973],4,0,74.1168120476386,82.47807988436725
152127,[],[0.497504265524717],4,1,74.45548699536211,19.348873508640086
152128,[],[0.502004332999271],4,0,79.2222733220184,10.60425519023582
152130,[],[0.393186608121706],4,1,15.207215854254882,7.451454359470575
152132,[],[0.726954151072169],4,0,77.09102960554999,20.99818481866109
152133,[],[0.674773401373194],4,0,78.56626398159325,18.253717796542094
152134,[],[0.17956968186167],4,1,85.04121175762005,30.60717584033361
152135,[],[0.696384048704798],4,1,74.05686208896323,24.86567964202412
152137,[],[0.14283728805777],4,1,69.63093250385484,49.362946931685855
152138,[],[0.366763412798454],4,1,80.41672793413761,18.548191478878188
152139,[],[0.132872080030457],4,1,62.98094034805645,26.38541709270774
152140,[],[0.445980441775152],4,0,64.29902480539953,56.36754441125029
152141,[],[0.135854753160902],4,0,33.579859758666565,3.9168769119779663
152143,[],[0.143861216990812],4,1,95.53860233306064,86.17730795621559
152146,[],[0.120365047757968],4,1,57.277321582675846,52.459238945305366
152148,[],[0.386074290656373],4,1,66.79834395779656,1.8736318012180493
152152,[],[0.8053935097919],4,0,76.02289269755589,21.926951337060974
152153,[],[0.347694770989225],4,0,72.11405731579819,66.27071609360681
152154,[],[0.280526452837601],4,0,74.44545906995424,77.5391045005325
152155,[],[0.588746269622207],4,1,66.76710689329006,41.755048143611624
152156,[],[0.237021210212276],4,0,38.92690649658348,36.87001631286587
152157,[],[0.666081629359071],3,0,69.98437671423605,34.70356347827827
152158,[],[0.30549064918582],3,1,82.52523711437972,67.86656979157331
152160,[],[0.543360889534503],3,0,68.11472886069005,61.55144974151418
152162,[],[0.126904555317702],3,0,44.47530888594547,4.456975244545909
152163,[],[0.624782089712271],3,0,82.39715988612909,63.8685560973339
152170,[],[0.464445494506949],3,0,14.943419112926337,3.661889007468035
152172,[],[0.124978821430474],3,0,52.761225068444716,50.117439482881124
152176,[],[0.0972275531013816],3,1,32.60256485062244,6.636650861510205
152178,[],[0.544184040425135],3,0,63.194580273477136,62.91995837933266
152182,[],[0.0931551739808766],3,0,53.28052721581455,19.49092120526718
152184,[],[0.129043438002319],3,0,90.40313024956079,48.79532424674805
152187,[],[0.16700130496806],3,1,76.81043306246781,76.54941685541239
152190,[],[0.634581373141046],3,0,76.40492719503509,4.383636740051705
152192,[],[0.623285654465351],3,1,68.51942924251429,37.6564983494335
152196,[],[0.216099348670016],3,0,17.841984730286605,26.67135443459094
152197,[],[0.12155886914681],3,1,55.54790305932556,14.98048985303007
152200,[],[0.153060860000108],3,0,29.582677021693858,25.252558285861635
152201,[],[0.141092543082977],3,1,32.81197754081786,4.951513049110175
152202,[],[0.114197780723685],3,1,49.29651245956636,1.829428698637689
152207,[],[0.408623151976586],3,0,15.752813565858316,3.7330506154139522
152209,[],[0.110651330144107],3,0,45.02994843746519,45.789711945667364
152211,[],[0.174832861303974],3,1,88.72507560080177,13.748973165272567
152213,[],[0.168186066664207],3,0,50.128999841466445,26.444741605514515
152216,[],[0.791656103324575],3,0,74.87921601814429,25.287294456406315
152217,[],[0.131231613350911],3,1,91.02026570384547,21.03682896257946
152221,[],[0.150695981947681],3,1,15.097269857164417,26.796860942574227
152226,[],[0.0950026100335961],3,1,23.59668761142789,9.428804378824964
152227,[],[0.243728616327445],3,1,13.438186046209099,9.832161924943867
152228,[],[0.225855340037557],3,1,17.815864214732333,12.253514666746792
152229,[],[0.142055283668346],3,0,93.43024761893962,48.42865095996244
152235,[],[0.533816783679563],3,1,78.46997919418104,11.947470395510619
152238,[],[0.62419542549576],3,1,73.7553184335778,26.533534719182992
152239,[],[0.632353646024576],3,1,87.22782173431938,65.07136365276766
152241,[],[0.110668110786958],3,0,87.02533480612078,51.926140841236304
152245,[],[0.236961188855181],3,0,92.51553717304033,51.32882767531702
152247,[],[0.0962227209511277],3,1,91.17026058585046,83.84062438941599
152249,[],[0.617562858883694],3,0,89.3979018140001,66.52822834260414
152253,[],[0.145322914436213],3,0,55.170639216658834,72.88414648430377
152254,[],[0.613136791202915],3,0,80.52571718914272,14.931641522270283
152255,[],[0.544085626253819],3,0,81.7171899487707,63.39614914467533
152257,[],[0.684950528400276],3,1,75.43669264424615,21.728149420425627
152262,[],[0.438753253204936],3,0,63.10790333135618,59.71348915035246
152263,[],[0.106559453083152],3,1,29.61712862538538,12.341179016569487
152264,[],[0.564080153118428],3,1,41.69043276179108,71.10994923427826
152267,[],[0.221972346253019],3,0,25.846908832735657,32.31582100847567
152269,[],[0.115376142798886],3,0,59.754165968439345,30.369676000674193
152271,[],[0.0486708317707678],3,0,14.47120125045776,20.951120120098114
152272,[],[0.171687680159061],3,1,96.10710471539386,24.896822893267395
152273,[],[0.202748919314292],3,1,47.81713589387168,62.544438519594365
152275,[],[0.548344739717284],3,1,73.01238748833363,30.441031076917213
152277,[],[0.718169399630757],3,1,78.82582257066647,8.81408089040697
152280,[],[0.114256997198107],3,1,48.24869108323408,30.2049071226814
152281,[],[0.824012227246989],3,0,77.2743463205424,19.24125687324626
152287,[],[0.30057534827661],3,0,72.86146055439106,41.798255302023406
152289,[],[0.826447681960519],3,1,78.5469995383783,15.232155566186691
152291,[],[0.566303512317609],3,0,66.57925130281463,2.9351951578533337
152292,[],[0.521183240460453],3,0,77.05245564337326,62.81732926841574
152294,[],[0.110069499242095],3,1,44.66315759488338,26.28762825126334
152299,[],[0.315729162506941],3,0,49.320343826012504,62.03992478800093
152300,[],[0.317200290385189],3,1,72.24036917490498,6.5907356472572625
152303,[],[0.158734575003183],3,0,49.58920398711886,22.71555663611974
152304,[],[0.30159645654833],3,1,16.115797586135436,4.414812665693525
152307,[],[0.28312562288961],3,1,21.252344976381014,29.600669679518
152311,[],[0.211353018947422],3,0,57.86397416555637,69.29308364634046
152312,[],[0.718169399630757],3,0,78.5518926342885,8.98870209365325
152315,[],[0.29738749733645],3,1,22.31287695919183,29.34742842916515
152316,[],[0.322067654637457],3,1,87.48315123996358,38.85712785221387
152321,[],[0.602206180881333],3,0,95.11191272442181,0.2834089420900539
152323,[],[0.202984813935293],3,1,86.50900732986894,33.616081703859564
152326,[],[0.309430937727864],3,0,90.05420432566409,42.80223962829594
152327,[],[0.687323613041202],3,1,76.64126806511524,24.728025488771888
152332,[],[0.144546579200988],3,1,58.78872185011644,51.9568718089448
152333,[],[0.776443889855539],3,0,70.91061805771868,32.00197375432455
152335,[],[0.0685497721766928],3,0,49.894808218867205,37.44842116704514
152338,[],[0.418361458398923],3,0,61.332634454269076,0.9853484277454938
152340,[],[0.521183240460453],3,0,77.76151857704437,62.79585186242647
152343,[],[0.132277914986102],3,0,59.28113757138939,52.887792891401695
152344,[],[0.179013663314816],3,0,85.76532846392581,32.27430709134884
152345,[],[0.65893229830432],3,0,79.13228837339979,7.96918737073397
152347,[],[0.243590830772458],3,0,54.13759706691902,67.20948644337975
152350,[],[0.643932553619926],3,1,68.55939810533611,36.9917739208479
152351,[],[0.124690151033589],3,0,50.022644399612545,46.39540591808253
152354,[],[0.341637698762932],3,1,70.12668480501351,40.253575078971075
152355,[],[0.601500464277796],3,1,79.18588574554529,17.481272821177622
152357,[],[0.343791893119989],3,0,15.090443608575585,9.674313062397603
152358,[],[0.295258168912784],3,1,73.02350506274132,11.48727078000218
152359,[],[0.681120173912811],3,1,73.58923036828959,4.046917263844001
152360,[],[0.723432099986947],3,0,72.47540069115243,2.2027052270660747
152362,[],[0.567878635561747],3,0,96.25560605145075,0.0
152363,[],[0.166943409674018],3,0,46.48006648626871,59.97665802775895
152365,[],[0.465013513663958],3,1,66.00568759103582,61.20197050326883
152366,[],[0.497999223123966],3,0,67.92763750226447,29.61799470997802
152373,[],[0.130154868606216],3,1,33.59512975765904,23.250072877874064
152374,[],[0.372365777810105],3,1,56.934413914313524,68.97459106457447
152375,[],[0.296419915846156],3,1,68.89292337861833,30.823731248363824
152376,[],[0.137085274252779],3,1,37.46735266480915,39.3394806066992
152378,[],[0.0933032902526024],3,1,34.29253885673753,14.399042129435731
152380,[],[0.16331011005127],3,1,79.26012070563306,52.299620075418794
152382,[],[0.772321661812],3,0,72.25454398037276,1.3131369304057843
152383,[],[0.260757477077713],3,1,84.83582137505425,0.6810139823065107
152384,[],[0.106559453083152],3,0,29.442781469694978,12.641501719963324
152385,[],[0.379332033180979],3,1,44.45486784575327,66.26297171277835
152387,[],[0.0640406569066902],3,0,88.26655085416667,96.69804487254417
152389,[],[0.58889078059107],3,0,76.17353405965821,23.615595874982457
152391,[],[0.110411476744588],3,0,35.40880511901286,23.38491589783359
152392,[],[0.404682711328385],3,0,46.90639663691158,61.75488227326918
152393,[],[0.324749515965926],3,1,74.3326999318283,14.33940534113585
152394,[],[0.595023868687451],3,1,75.46467683782572,23.309114758822997
152395,[],[0.150149714863986],3,1,58.62343442464693,49.59743882722511
152400,[],[0.426152113657358],3,0,14.82200137073536,4.4144239446362
152402,[],[0.456976185083899],3,1,67.6422375950073,42.25185530414137
152403,[],[0.731382034501582],3,0,78.61326305362805,7.752421502246393
152404,[],[0.358405446822641],3,0,63.18129971594735,58.33964283075648
152406,[],[0.310142226000736],3,1,73.77898995112243,9.29900458772263
152411,[],[0.120169825311053],3,1,59.527578642758485,2.6403580451639197
152412,[],[0.108896432306641],3,0,43.247765320890935,25.20791666512669
152413,[],[0.481715789399871],3,0,78.72455487880347,63.59166893188429
152415,[],[0.467967454507076],3,0,84.00034272509296,65.58736678259375
152417,[],[0.591653672530159],3,1,67.13132829828379,60.51511129418686
152419,[],[0.358586790103723],3,0,92.79427212291803,66.82196112708178
152421,[],[0.570022645354947],3,0,75.69521987162572,26.762874911567213
152424,[],[0.613136791202915],3,0,80.00107499291354,14.001742140732615
152426,[],[0.128980794227933],3,1,63.33423124850591,21.363336783284943
152429,[],[0.290561304052622],3,1,73.3576351975714,12.341583197917666
152430,[],[0.350628880582954],3,0,49.06082980307308,63.466494433224035
152431,[],[0.157311738299356],3,0,95.75234762269089,2.1232130818284465
152432,[],[0.684950528400276],3,1,75.59687730351618,21.409876283244664
152439,[],[0.162802173421249],3,1,79.5929897140656,53.104201657495565
152440,[],[0.541974271360324],3,1,74.90239867174259,21.019528822348228
152441,[],[0.251982493768627],3,0,36.4245915835219,2.262108815997661
152445,[],[0.649334198633591],2,1,65.96346794752277,43.87913714367173
152446,[],[0.101976025630612],2,1,31.250009607300033,18.981744570760004
152450,[],[0.111367728112234],2,0,48.24587299273254,29.340283174181284
152452,[],[0.108216281815957],2,0,59.5000503721868,14.674432776497081
152453,[],[0.167778121525505],2,1,89.43231166969886,14.989953565699683
152454,[],[0.227194883142405],2,0,91.19510981236355,0.0
152457,[],[0.649334198633591],2,1,65.86345340807515,43.74966772467447
152458,[],[0.517225438278669],2,0,75.69311710912393,8.010714931510098
152459,[],[0.281899446050756],2,0,48.40827608452846,59.44765364940237
152461,[],[0.252905050348396],2,0,40.363262198558374,32.47840257336151
152465,[],[0.534028805968639],2,0,74.07761937682396,62.04246698467649
152468,[],[0.168077004466636],2,1,74.2286075464687,66.12347149527798
152470,[],[0.220922238987287],2,0,37.498006535484116,33.49322700015037
152472,[],[0.221266343296992],2,1,13.444422410240671,11.748972245959635
152474,[],[0.134041787830937],2,1,95.15614670543464,47.66456901650306
152476,[],[0.16322507556608],2,1,22.594107257461935,34.546447239585
152477,[],[0.14532055173051],2,1,15.693778596008805,28.41186411102495
152478,[],[0.147492648773776],2,1,46.6141422406326,25.60061691719148
152479,[],[0.395927433356939],2,1,66.47902427301011,46.81300422993601
152480,[],[0.324724242530917],2,0,81.37394877862071,45.11673827154271
152481,[],[0.251894092111543],2,0,48.92237157151768,62.18262392241679
152483,[],[0.296923992670843],2,1,82.15040034396954,47.274226740897504
152484,[],[0.324124738887913],2,0,82.87374452193698,42.914998269767366
152487,[],[0.182164870363886],2,1,67.15687910201763,57.82687912196693
152488,[],[0.749448478614623],2,0,76.15728382938777,16.24896652495282
152492,[],[0.497504265524717],2,0,74.86362648601232,19.476851128077058
152493,[],[0.165022259807932],2,0,87.08406506375644,26.84773619211862
152496,[],[0.620459922144996],2,1,69.45505562492318,30.014285669682337
152498,[],[0.506413001640839],2,0,63.897473984810254,61.63310907852447
152499,[],[0.297315689538239],2,0,83.67752355723492,45.59661185909064
152501,[],[0.0795558564622751],2,0,49.42523975178339,39.56849462275649
152504,[],[0.151186417323565],2,0,91.78272522862198,54.82548255059167
152506,[],[0.146838078386139],2,1,75.24656771317854,57.15157424304046
152507,[],[0.470130401665542],2,0,69.25689269581993,0.2860495235799095
152509,[],[0.402969051226055],2,0,51.23850066358751,62.1692098915756
152513,[],[0.128454809949476],2,0,59.24703854443284,29.6261791779148
152517,[],[0.743651434987656],2,0,77.89370247863863,5.346582659875806
152518,[],[0.612793948094353],2,0,66.48964339712239,40.922786973718225
152519,[],[0.761896665450505],2,1,77.12688700517374,13.495872986899952
152520,[],[0.46413706787193],2,1,81.33027998485679,9.88812001304538
152521,[],[0.163828950400673],2,0,89.80283981630409,19.608933990700958
152522,[],[0.622387093450282],2,1,81.34410419031092,14.876747765453795
152524,[],[0.46413706787193],2,0,81.79372085188588,9.68320360316328
152525,[],[0.204700400219494],2,0,75.9511071476337,41.12242644325002
152526,[],[0.17308559169442],2,0,19.96358988775491,31.00400224007654
152528,[],[0.55792448961091],2,1,74.82941459575906,20.56502250732275
152530,[],[0.138383452966583],2,1,97.94554561474996,86.68638985335951
152531,[],[0.241957138323637],2,1,44.758277040815834,21.972635287013198
152532,[],[0.51062084907876],2,1,42.06104875578318,68.83104800454281
152533,[],[0.493046659778476],2,1,62.45276463009856,61.10636012715198
152534,[],[0.368657922655434],2,0,70.32749498376437,58.84534271195213
152536,[],[0.670416440490117],2,1,70.58364120797418,29.546441428026966
152537,[],[0.433480101875867],2,0,92.16879989208803,67.00018980309719
152542,[],[0.130154868606216],2,1,33.515316374558836,23.593211209132686
152543,[],[0.417635726887486],2,1,64.66782636209278,62.1077160230362
152544,[],[0.336787694853592],2,0,80.23592194863309,45.04004004408953
152545,[],[0.326193791600843],2,0,74.89758330901905,18.572276028931928
152549,[],[0.122908294538017],2,1,97.27617384055787,29.501384100460545
152550,[],[0.23219001507748],2,0,35.801035007387114,4.837135514439523
152552,[],[0.264377213951153],2,1,36.52121586597049,4.4002971907755075
152553,[],[0.251905991218373],2,1,41.45212818895689,32.526408594218914
152554,[],[0.153055636299651],2,0,81.24111288794111,71.33609606098253
152556,[],[0.0948470806704062],2,1,50.877420255562214,41.12360928829732
152558,[],[0.518137033392296],2,0,65.651198887965,2.111918470023095
152559,[],[0.507267357213578],2,1,81.07266642606777,13.441117073360777
152565,[],[0.307836865807239],2,0,91.28348127671276,41.25567768511763
152570,[],[0.202460769233574],2,0,75.34308548161306,39.88278611589463
152572,[],[0.605228747497596],2,0,75.08309387295265,27.252251418466418
152573,[],[0.148486757160965],2,0,94.33156139832323,24.867982733772116
152575,[],[0.424720078549547],2,0,62.988171359659425,44.90007058404277
152576,[],[0.462131327039583],2,1,14.667337670435579,1.3824784005477495
152579,[],[0.393174305382884],2,1,15.367272118381393,10.551423285573618
152580,[],[0.330005245931006],2,0,46.57240715745735,65.79569078036445
152581,[],[0.157348394692322],2,0,26.217878051847418,28.72705065742634
152584,[],[0.290123579445659],2,0,73.29006380984994,79.77129685672735
152585,[],[0.138369014788301],2,0,68.22463495172832,67.90622772279106
152588,[],[0.183080450896934],2,0,81.79360991898841,35.053126856981244
152590,[],[0.577683971089085],2,0,90.19439750532665,68.95859377657916
152591,[],[0.373539391702627],2,0,67.37537155362847,28.496192647669226
152592,[],[0.2044976034218],2,1,78.01805667588069,68.23345724069789
152597,[],[0.414923929221981],2,1,78.32278452109963,64.44241184744835
152598,[],[0.352696500342782],2,1,93.79085870444105,40.17710937177824
152599,[],[0.344681745983205],2,1,81.45104749820294,44.131839780464375
152600,[],[0.0934723757420833],2,1,44.57841906956466,48.05746262578846
152601,[],[0.538817705471472],2,1,63.273247716094964,60.2762440866342
152603,[],[0.472051233329121],2,1,83.37853435036021,62.7284647604648
152604,[],[0.150598937773593],2,0,22.0859959995223,26.218161629778482
152608,[],[0.144930224562678],2,1,11.613365607192701,4.6117944029834055
152609,[],[0.544085626253819],2,0,81.70447910843174,63.72133830045185
152610,[],[0.139254633682898],2,0,98.55524269754706,30.12269846774512
152614,[],[0.509877313705467],2,1,41.663640130952054,72.44391507459224
152615,[],[0.217800061591591],2,1,62.508829379079096,59.06484275387418
152616,[],[0.579297915039029],2,0,64.35164270897403,60.884493556614764
152617,[],[0.293034488236795],2,1,87.70887913523133,41.37108566631867
152618,[],[0.291097331504673],2,1,99.999,15.545937167602036
152620,[],[0.213343140769548],2,0,37.60206409189361,3.6813518500731366
152621,[],[0.346741396094846],2,1,75.03168120356096,31.363735745614612
152622,[],[0.0998652985098823],2,1,48.75550365641567,9.426939323907028
152625,[],[0.679775053036522],2,0,76.93903675867668,14.88137706769
152627,[],[0.286128213294256],2,1,95.4212805061566,1.0592196542990853
152628,[],[0.8053935097919],2,1,76.89597942180153,21.88753943681393
152630,[],[0.149417043918465],2,0,92.47309899712108,32.69631603977857
152631,[],[0.170475208650434],2,1,87.42177898405481,63.285800335523966
152634,[],[0.14103690407986],2,0,97.71227878688154,33.77127271081737
152636,[],[0.695923168242463],2,1,63.66017111756011,1.0280641225949105
152638,[],[0.332880467522217],2,1,88.37720166847984,64.38266201811375
152639,[],[0.122584123278691],2,0,4.429007070098812,2.2469404227979872
152641,[],[0.284798732859976],2,0,84.64567093430321,45.9930120071598
152644,[],[0.29738749733645],2,0,22.88062215639084,29.429186560192154
152650,[],[0.562145580702642],2,0,79.53125138661295,9.10082513355337
152651,[],[0.251992598260946],2,0,39.801159522457525,34.80203182042016
152654,[],[0.102038822999472],2,1,32.0291003242715,19.41224627232564
152655,[],[0.393186608121706],2,1,15.1091771833328,7.255523511660921
152657,[],[0.518137033392296],2,0,65.83615658374762,2.5677914148975742
152662,[],[0.304448712193616],2,1,18.713902742803803,0.0925892297770825
152663,[],[0.701964263369091],2,0,72.55340726850625,60.98877644358457
152664,[],[0.160898109154487],2,0,75.4240842037168,54.53109824464748
152665,[],[0.717247558932212],2,0,77.37081967442462,6.877993040426486
152666,[],[0.227580323416269],2,0,73.68093609174932,69.99629873118623
152669,[],[0.213428537511474],2,1,85.34358747833625,46.992113839552005
152670,[],[0.733970621715689],2,0,75.14836852337783,24.02903887663653
152671,[],[0.521732846735653],2,1,64.70605524182369,41.15939533338975
152673,[],[0.127718868572767],2,1,51.65438616958165,49.551116012049285
152676,[],[0.471912938769189],2,1,76.68380991011634,60.768040245370074
152677,[],[0.202781446516265],2,0,45.87613919528106,21.657462777829146
152678,[],[0.128586500393494],2,1,94.16935589076756,18.183472757224646
152679,[],[0.424720078549547],2,1,62.89405893578645,44.23015019439194
152682,[],[0.175415129920472],2,1,92.95501336137929,1.434753209856619
152683,[],[0.220972225058876],2,0,46.51839808804609,7.752152763186746
152686,[],[0.250396598074804],2,0,96.20988913027375,15.455023337153907
152689,[],[0.256683729225051],2,1,71.01444626864082,11.040415236702188
152690,[],[0.111351294842933],2,0,42.501850345477195,21.243981567134785
152691,[],[0.458284117642171],2,0,60.09206941870982,61.22477849881244
152694,[],[0.673649402960941],2,0,78.70449602258425,19.551980069270936
152695,[],[0.3527716907914],2,1,52.43964479027023,63.300811833014166
152696,[],[0.233230707240046],2,0,54.28726063926511,60.85649590921986
152703,[],[0.157311738299356],2,0,95.84015993156954,2.0026968743849096
152704,[],[0.140278100344197],2,1,93.91041301691544,24.91956100671891
152705,[],[0.760050826586841],2,1,73.46582464353601,28.68790349567395
152707,[],[0.20914715493283],2,1,50.095183713620266,25.376503130144616
152708,[],[0.592849434091066],2,1,78.30019092621141,17.784538832969673
152712,[],[0.209183994612225],2,1,92.41543468626972,53.54399892143004
152714,[],[0.577604494283035],2,0,69.60527135531014,39.81774834617362
152718,[],[0.66412629787611],2,0,70.95481088107584,0.5438521778175123
152719,[],[0.202846758994648],2,1,83.33605859823302,0.1673545948116193
152722,[],[0.0961448142281308],2,0,12.30377384812252,24.406614834742445
152723,[],[0.491138675875973],2,1,80.94238228260737,11.340523108558994
152725,[],[0.149134696791784],2,0,92.11090705963326,4.973837206338838
152728,[],[0.212825208592126],2,1,97.01596836731781,2.268048262759852
152729,[],[0.279370771397659],2,0,15.29058176938742,6.658309561093554
152732,[],[0.342994836918544],2,1,81.63001634519313,43.271241386886615
152733,[],[0.661530413138474],2,1,68.55415483671612,35.908840480167456
152736,[],[0.532891370421163],2,0,75.50477644991804,10.488965293007654
152738,[],[0.386310329048945],2,1,65.78610000057647,58.432810248469416
152740,[],[0.298316354563981],1,1,74.54410153945025,34.61799852449216
152742,[],[0.224671895056834],1,0,71.90482416297974,17.568887178298933
152743,[],[0.552222208416858],1,0,64.3254896588388,43.82550685717212
152744,[],[0.173001230524543],1,1,77.63539362713017,66.37235667075007
152746,[],[0.521247847773505],1,1,89.45011621807528,68.20349309381595
152747,[],[0.124261447571871],1,1,59.444898612831395,12.731357356724446
152748,[],[0.142782451109522],1,1,57.53484319409626,10.463799470887148
152751,[],[0.230964856843844],1,1,71.37257019028984,79.0611683799947
152752,[],[0.404682711328385],1,0,46.86758402310628,61.79829859820035
152754,[],[0.14268920036176],1,1,52.784912963118096,45.25765761941933
152756,[],[0.274774101035467],1,1,47.01045533033702,65.07706290249168
152757,[],[0.760050826586841],1,0,73.24855445714564,28.565512461506664
152760,[],[0.188493762542072],1,0,95.05581603402835,49.477091426783694
152761,[],[0.77214677247549],1,0,72.25937616910792,0.9989676485725365
152762,[],[0.426152113657358],1,0,14.886784601841194,4.0637857441638765
152764,[],[0.0996286695525081],1,1,48.401224164179204,43.869011849350585
152766,[],[0.0772798566637416],1,1,54.1370661453853,35.8412989731677
152768,[],[0.810453035615147],1,1,77.03737994757181,18.73165169780295
152770,[],[0.144632798015667],1,1,77.68161689778542,55.26135557280405
152771,[],[0.146241931794463],1,1,92.52329088575412,44.45257372492477
152775,[],[0.305449353406261],1,0,73.24243150989214,36.650743854402606
152776,[],[0.166399036922177],1,1,94.09286483110995,13.325132196552305
152778,[],[0.532470765049523],1,0,77.8120331644058,22.958627043601204
152779,[],[0.176286238453338],1,1,55.16275877296848,10.122769449783867
152780,[],[0.151041883997366],1,0,77.41430432412277,76.93422202173305
152781,[],[0.623285654465351],1,1,68.28161835548806,37.716650217379026
152783,[],[0.110581030607917],1,0,52.894717335579685,29.043444356338618
152784,[],[0.152879987325352],1,1,67.62342499056349,7.3844376146749795
152785,[],[0.324724242530917],1,0,81.81203718709038,45.588235269123345
152786,[],[0.303040859285652],1,0,62.40719170215977,42.91923867128744
152787,[],[0.728769885418801],1,1,73.33481666005909,29.759163859557347
152788,[],[0.761896665450505],1,1,77.17491483358353,13.704285542412553
152789,[],[0.397772963840999],1,0,66.17312091720767,62.10146135848959
152790,[],[0.279370771397659],1,0,15.95372753796078,6.0628165759182
152791,[],[0.208351244885502],1,1,43.63985554473318,71.52140309532906
152792,[],[0.586559217656458],1,0,82.54085923367084,64.81937306151077
152793,[],[0.335659213030531],1,1,92.37676634775595,41.47200238575098
152795,[],[0.343791893119989],1,0,15.226834567482248,9.96217896209048
152796,[],[0.714289963969383],1,1,65.13577255951135,44.84617222388014
152797,[],[0.131442232602087],1,0,14.346186132028834,25.484971884192458
152798,[],[0.612793948094353],1,1,66.40988162871659,40.31704969124496
152799,[],[0.511785285106094],1,0,74.28324878251763,6.276581731836021
152800,[],[0.258536786731361],1,0,61.687686718061464,45.392264576735606
152801,[],[0.513352315469268],1,1,71.81865745830035,2.501925741626839
152802,[],[0.109072385493253],1,0,49.95115588140143,27.076509668747615
152804,[],[0.104628544312316],1,1,29.625694247549813,5.820434005741623
152805,[],[0.236394467363118],1,1,52.55825114569591,60.54846905543783
152806,[],[0.498797276201177],1,1,73.04324819247347,5.458419672820876
152807,[],[0.532470765049523],1,1,77.07973637388663,22.697329158441686
152808,[],[0.47838301373829],1,0,60.09529636773131,62.313979668115024
152810,[],[0.205799856556474],1,1,41.0450531766933,34.58865295184279
152811,[],[0.187151619791208],1,1,39.81119637028966,3.8296941481050526
152812,[],[0.661530413138474],1,1,68.57224669717381,35.61526398327296
152814,[],[0.539695463960464],1,0,64.89576572951835,61.13195003741396
152816,[],[0.342994836918544],1,0,81.96442967242909,43.30074392870489
152817,[],[0.205822942163211],1,0,93.46758578950899,37.17142758412686
152818,[],[0.491206741446014],1,0,82.65673328825771,15.418366652698456
152819,[],[0.168860944414338],1,0,72.63398242298562,49.68984549309534
152821,[],[0.277210055228703],1,0,84.67576315469971,46.51497051777141
152822,[],[0.085703817642222],1,1,26.16637243465682,5.2865642862785815
152823,[],[0.50135600179184],1,0,83.40578146431436,64.65292526888997
152824,[],[0.534028805968639],1,1,74.10734074929626,62.12221064176629
152825,[],[0.330005245931006],1,1,46.40287222523101,65.86919741222466
152827,[],[0.607487160170662],1,1,75.73286510031345,25.764809425031057
152829,[],[0.238279380244406],1,1,72.88366052152396,80.05888473728925
152830,[],[0.156599140008494],1,1,61.76101758814448,29.70018552023289
152831,[],[0.108533802895909],1,0,49.65602647422714,19.42692709858049
152833,[],[0.126215098743186],1,1,89.68151179619296,99.999
152835,[],[0.609545014774801],1,1,74.40860897355783,2.907682892027844
152837,[],[0.771295938859775],1,1,74.0152249577433,4.3579068156792395
152838,[],[0.705432707601349],1,0,76.65970851817923,11.081297312349639
152840,[],[0.498730552499143],1,0,56.15299715168308,61.86080032756742
152842,[],[0.258388090015399],1,1,73.28509971433841,78.36686103434813
152843,[],[0.603177559369919],1,1,80.76028884527994,8.822668314265297
152847,[],[0.456252902154146],1,1,70.83028809751988,59.80132918371158
152848,[],[0.489881441400885],1,1,83.6425975348003,66.54999688543856
152852,[],[0.631721552372556],1,1,67.22129843731729,39.38113936654782
152853,[],[0.122175787754032],1,1,49.533199571170854,6.425763878033769
152857,[],[0.108861935910391],1,1,34.73777302850467,12.102995598503112
152858,[],[0.432383628426931],1,1,82.497745626668,12.574698548032972
152859,[],[0.726954151072169],1,0,77.41078894758462,20.047895192300953
152860,[],[0.092999774919976],1,1,58.24678322441286,22.4731448062651
152862,[],[0.243063350733856],1,0,75.3957545607407,74.64528214725986
152863,[],[0.129927311309559],1,0,68.08462414908004,76.62934603527017
152864,[],[0.203124006844303],1,0,38.952871331112135,37.776076720424655
152866,[],[0.651336077576957],1,0,77.27546502128114,16.59457644575154
152867,[],[0.287631019735238],1,1,75.655748532067,79.42520886814857
152868,[],[0.145762133761498],1,0,13.311047138912777,28.018677265466707
152870,[],[0.373742712686116],1,1,46.35682658506421,63.26989322044032
152871,[],[0.230964856843844],1,1,71.69977004832793,79.97926530005695
152872,[],[0.705432707601349],1,1,76.23619913678574,11.69818839203348
152873,[],[0.266343074990212],1,0,72.95227697425523,11.596008396347843
152874,[],[0.201475652076426],1,1,60.47845572935241,69.86808647345597
152875,[],[0.185123357127192],1,0,60.77578379213977,71.15610732636203
152878,[],[0.331058511408707],1,1,42.54621231046523,71.82251459217834
152879,[],[0.163496393656956],1,0,91.02187920522613,36.28978815562946
152880,[],[0.173307059150696],1,0,86.74547683694468,46.08289770572437
152881,[],[0.119210592543681],1,0,58.62838230024275,6.698425762130153
152883,[],[0.111884542115928],1,0,41.16333859062026,60.198074197808
152885,[],[0.496857519078881],1,1,67.07363294706373,43.249003064770484
152886,[],[0.601933325655055],1,0,72.09423666661841,34.12660300174061
152887,[],[0.423065474629731],1,1,82.77468997347538,17.125952918081662
152888,[],[0.456976185083899],1,1,67.29596576720374,42.75386470093211
152889,[],[0.149951648389149],1,1,97.10054701066458,22.318782902495297
152892,[],[0.673269884111272],1,1,72.15690755016813,27.30274825389269
152893,[],[0.565320707114502],1,1,88.42342061158077,65.12718157737099
152894,[],[0.207276862995342],1,0,45.30158998406978,20.335323596966607
152895,[],[0.728769885418801],1,0,73.25122603251327,29.52348520058025
152896,[],[0.743651434987656],1,1,77.64444837255648,5.655172734562805
152899,[],[0.0936743177984326],1,0,34.6766903075871,15.207991023641492
152903,[],[0.532470765049523],1,1,77.43604970195656,22.15239124827505
152904,[],[0.17976693913771],1,0,17.407908869245485,28.560934361966535
152905,[],[0.149988555266127],1,1,30.04443916396111,23.543003419533818
152906,[],[0.18116400203383],1,1,64.20097610229571,6.090634237370594
152907,[],[0.141315435455435],1,1,43.1381246714714,3.767903475348252
152908,[],[0.142648308958352],1,1,91.74347489021179,46.570728585917266
152909,[],[0.0864985171470505],1,1,57.718201992460365,28.009851624801538
152911,[],[0.588746269622207],1,0,66.87915047644292,41.58091375026854
152912,[],[0.461607500525364],1,0,55.217587589979736,61.11991493420543
152914,[],[0.168324572565373],1,0,93.58505681503426,14.981404364302334
152915,[],[0.220152719358043],1,0,51.117918055890904,57.88897767654562
152917,[],[0.144550274993619],1,1,92.20063316896042,12.833198820484068
152918,[],[0.122957685133353],1,0,28.155518793449154,31.972946725810218
152922,[],[0.183305387326093],1,0,66.65180986159463,51.85633825874878
152923,[],[0.406570493092515],1,0,73.91054407223565,19.56164390944979
152928,[],[0.393186608121706],1,0,15.66510769884,7.3887892047798145
152930,[],[0.221705639270682],1,1,96.26680785508805,14.567862508983545
152931,[],[0.115858996647504],1,0,38.04992272436129,6.570130518497052
152932,[],[0.652342328559892],1,1,69.70157132748973,31.775655837703198
152933,[],[0.0629569033164541],1,1,32.764808056025245,34.081405272004965
152934,[],[0.560797874319363],1,0,52.18301538301355,61.914193357133676
152935,[],[0.726954151072169],1,1,77.51062146582167,20.083923238707886
152937,[],[0.172897032152002],1,0,91.04606322195887,30.85942165882878
152938,[],[0.225006305501308],1,0,88.53493128563098,69.0224187436162
152939,[],[0.186289211522107],1,1,61.3995863740546,69.661369679482
152940,[],[0.177459011297046],1,0,86.8855808033416,17.157842935243945
152941,[],[0.240921270396828],1,1,42.21940686517352,36.10878182021803
152942,[],[0.101743142771035],1,1,53.0012349692219,4.486277249915375
152945,[],[0.474383858923179],1,0,78.2259001786377,62.28115320380895
152947,[],[0.641678351697709],1,0,78.1672049888152,5.355141411019131
152949,[],[0.46017468940826],1,1,41.560397423134795,70.8876667412903
152950,[],[0.507952402858398],1,0,81.54347125207885,10.090565040423167
152951,[],[0.20480638397897],1,0,37.049971547989344,34.95944420482095
152952,[],[0.144011281471523],1,0,44.507243679614625,19.843258270111008
152953,[],[0.132929545498101],1,1,97.35095095085161,21.911269667561278
152954,[],[0.152341028183415],1,0,12.754145428364886,11.622014135149755
152956,[],[0.6357066503166],1,0,94.07095444818023,68.13020449164975
152957,[],[0.144546579200988],1,0,58.446395906742346,51.12051755711622
152958,[],[0.472532185850787],1,1,63.627832290225726,43.27763958186933
152959,[],[0.283149511593038],1,0,82.81987645544311,48.16908973441408
152961,[],[0.445571162507699],1,0,17.471747111473164,4.3405133303168615
152962,[],[0.714289963969383],1,1,65.37308887155154,44.62123077090055
152963,[],[0.690277310990733],1,1,70.82637765220733,30.70077684192849
152965,[],[0.161989118986015],1,0,92.37507991901542,2.153457564704642
152966,[],[0.699814375312935],1,0,69.50127196600484,33.17848998129381
152967,[],[0.261216816981515],1,0,72.88250958005443,77.29516731047283
152970,[],[0.634581373141046],1,0,76.66416072524801,4.818405301155893
152971,[],[0.322997527493568],1,0,91.99265366569055,42.38937934545032
152974,[],[0.276113270125862],1,0,72.66901027940708,39.63629943284707
152976,[],[0.595023868687451],1,1,75.23841722353195,23.99720236485783
152977,[],[0.288063118795734],1,1,59.903633673313145,63.601517284415735
152978,[],[0.222968837140547],1,1,45.664279245486064,23.242528335562973
152979,[],[0.29533418388988],1,0,68.39783017234083,44.4950697463586
152980,[],[0.429910069781811],1,0,17.75478028103396,3.928925033851227
152981,[],[0.379332033180979],1,1,44.715406005866214,66.7728392232932
152983,[],[0.33296581991225],1,1,23.970292529655705,28.16798271051006
152984,[],[0.472785160117836],1,0,51.68589596779285,61.956738355337166
152985,[],[0.521732846735653],1,1,64.67083276366887,41.591073359139784
152986,[],[0.159395519561518],1,0,19.15034714494214,32.183977429327314
152987,[],[0.29789940152607],1,1,72.7381104159298,42.225147194020714
152988,[],[0.143858399603791],1,1,44.857578309789986,33.886635430023325
152989,[],[0.533816783679563],1,0,78.10235150181927,11.740756548604375
152992,[],[0.273212400638693],1,1,61.68313764562256,60.38846300567451
152994,[],[0.301893076947597],1,1,60.797580453431486,60.16752794612351
152997,[],[0.137225929583599],1,1,57.117082478421494,8.68985864594288
152999,[],[0.723432099986947],1,1,72.30509026678384,2.9949313432172344
153002,[],[0.387098372290898],1,1,16.630654067817396,3.563801789457218
153005,[],[0.277514338384871],1,1,65.13934703834673,57.03421016210242
153006,[],[0.154263500271703],1,0,29.855912330948154,27.57450811106344
153007,[],[0.0793333070356189],1,0,31.251033439550778,7.16597928410997
153009,[],[0.689897979073873],1,0,71.5340054403512,28.27878546136736
153010,[],[0.126446292807701],1,1,29.196593749355042,30.418014546252437
153012,[],[0.131976704910082],1,1,67.3850473584012,49.113255121791845
153013,[],[0.562145580702642],1,1,79.0229053657409,9.376361665407444
153017,[],[0.123755075164649],0,1,43.84306730024134,23.586383270631277
153018,[],[0.168410082717173],0,1,91.69017173111952,3.0237282366793385
153020,[],[0.308286658891683],0,1,91.84187329243197,39.7928284417529
153021,[],[0.193828589791971],0,0,88.90500995498898,1.012623686867495
153022,[],[0.697604192495566],0,0,76.74374911532692,5.977502653303618
153023,[],[0.386117124464324],0,1,66.39847892365812,3.5503304082150406
153024,[],[0.8053935097919],0,1,76.75335468143477,21.318255557466454
153025,[],[0.398349978395341],0,0,76.2375398712941,29.41866798527385
153026,[],[0.682682239245293],0,0,77.11959407371572,11.725504003507101
153027,[],[0.47838301373829],0,0,60.02878581387413,62.806995482379875
153028,[],[0.204830589991914],0,0,66.6795208110965,5.151564448341572
153029,[],[0.368657922655434],0,0,70.32406503897934,58.86472654258066
153030,[],[0.1281524979224],0,0,40.688900325747205,3.9222693788123957
153031,[],[0.107271486705955],0,1,52.54644779945591,21.694624971728878
153032,[],[0.144757280160853],0,1,53.81421104843808,49.8067630537566
153033,[],[0.156313192043906],0,0,62.35489033211726,27.054530399240196
153035,[],[0.264975067346545],0,1,48.941093244189474,63.28907900781388
153036,[],[0.309989192324512],0,0,68.36229835512341,0.4033365423671031
153037,[],[0.55792448961091],0,0,74.7892376395321,20.53075408436663
153038,[],[0.448320796505119],0,1,60.40728426350206,63.71828226679163
153039,[],[0.488679411637561],0,1,63.804572166235815,42.93825196262044
153040,[],[0.0776126683959598],0,0,38.9232282580743,21.951547141548136
153041,[],[0.732037064928483],0,1,75.49734797410497,4.633016004626446
153042,[],[0.126904555317702],0,1,44.38738891163447,4.592746190993036
153043,[],[0.791656103324575],0,1,74.81994637723538,25.745051532804485
153045,[],[0.161878241635137],0,1,65.60917240418627,11.948489138456825
153046,[],[0.188481755978643],0,0,67.78773436609701,12.282714295707134
153047,[],[0.472051233329121],0,0,83.17874375983845,62.847104633201454
153048,[],[0.186426947813749],0,0,44.86861004247978,64.95281610298117
153049,[],[0.240124278490745],0,1,86.01042658703813,44.63490413021813
153051,[],[0.586559217656458],0,1,82.31058711736574,64.53903634974206
153052,[],[0.50214995068181],0,0,87.20168056896662,66.57559596557658
153053,[],[0.164520213049752],0,1,61.67923298280404,28.539556136071358
153054,[],[0.393174305382884],0,0,15.316683868798163,10.935285920138869
153056,[],[0.219505282034735],0,1,73.937216036635,63.807607424603766
153057,[],[0.488679411637561],0,1,63.801940742349096,42.242480934254665
153058,[],[0.703711410043533],0,1,73.38866225567683,27.827906129000404
153059,[],[0.32476368803285],0,1,73.13297381273804,80.55868090543477
153060,[],[0.301054465403837],0,0,71.19996126492013,58.58865977512878
153061,[],[0.248390281858504],0,1,82.89280583936693,19.068922248595282
153062,[],[0.551570960105064],0,1,54.86794880377488,61.15310691150262
153063,[],[0.273516406669947],0,0,22.810979447906707,28.12588270141649
153065,[],[0.250396598074804],0,1,96.17609576159431,15.990248817942758
153066,[],[0.824012227246989],0,1,77.02239752744732,19.418274544305596
153067,[],[0.221485541216306],0,0,44.1982849014189,22.983815853967528
153068,[],[0.448109623152945],0,0,65.3123850356395,39.80301097594166
153069,[],[0.323129486281421],0,0,84.82822985946736,67.9323773418806
153070,[],[0.607487160170662],0,1,75.38464219085293,25.03505223822303
153071,[],[0.346685838353923],0,0,69.3958834319538,42.65022750915198
153072,[],[0.48073193701583],0,0,75.64577403308371,12.964471731194882
153073,[],[0.165055915750696],0,0,73.02703852240461,57.954118720886214
153074,[],[0.408376707707187],0,0,40.13132720294775,73.89685337263342
153075,[],[0.128453785539816],0,0,67.93386428832112,54.15244347189308
153077,[],[0.546919463361685],0,1,68.03565119573129,33.94961464452592
153078,[],[0.145804175337484],0,0,91.1730501313488,5.458045271271297
153079,[],[0.192236028365845],0,1,74.89554686540116,74.14589752346751
153080,[],[0.220256017595523],0,1,93.67217912773043,41.82316519801647
153081,[],[0.219032670050239],0,0,56.65556287446085,59.73968823863861
153082,[],[0.257100061634126],0,1,82.13882748683282,49.30794533100696
153083,[],[0.193828589791971],0,1,88.4339036500465,1.8842097065184926
153084,[],[0.632353646024576],0,1,87.33949063375901,65.91144354591951
153085,[],[0.274774101035467],0,0,47.506814334221005,65.99866360357937
153086,[],[0.624636422617556],0,0,76.39272416147139,6.552979733162295
153087,[],[0.679775053036522],0,0,76.53101869228136,14.8169175300323
153088,[],[0.238676083815414],0,1,79.54525732496958,67.31556500902971
153089,[],[0.106374697822486],0,0,39.57866795070265,74.72685704114693
153092,[],[0.577683971089085],0,0,90.975141980818,68.18886908093329
153094,[],[0.218350630808895],0,0,94.48151605486643,51.28300294491687
153096,[],[0.761896665450505],0,0,77.93246225217172,13.502730096670165
153097,[],[0.506002898440235],0,1,68.53600475335223,39.34384639301736
153098,[],[0.30914531332373],0,0,88.13084169129732,41.96930365844534
153099,[],[0.202650183070841],0,0,55.800452592172405,13.619259322116442
153100,[],[0.251905991218373],0,0,41.676610340469075,32.569468164698
153102,[],[0.278019112040304],0,0,81.79395266724897,49.776552231474085
153103,[],[0.491138675875973],0,0,80.75037926002989,11.9320111532343
153104,[],[0.31498551818873],0,0,87.08663339758947,67.30022434211845
153105,[],[0.919254002323471],0,0,76.98744506416337,19.3445989895219
153106,[],[0.552222208416858],0,1,64.89308223995378,43.650093105373934
153107,[],[0.474383858923179],0,0,78.54593981190244,62.580597770237944
153108,[],[0.279256205993406],0,1,50.89426579947158,59.494610332588614
153109,[],[0.611752359071027],0,0,73.15052523391,61.827954514853104
153111,[],[0.558190734916831],0,0,83.40357042153842,63.37664970769852
153112,[],[0.168204581644668],0,0,49.096993215296685,23.66478277603595
153113,[],[0.377672334151429],0,0,46.39815509814251,64.69148742874533
153114,[],[0.282724931220207],0,1,22.445683741271143,30.540990865107126
153115,[],[0.504848578216441],0,1,83.95053693318927,65.7819061733179
153116,[],[0.0963739456319631],0,1,51.42198847455151,31.918577012659714
153118,[],[0.303009336103375],0,1,84.57339087756522,41.87733557739527
153120,[],[0.146135959643871],0,1,93.70403480332047,47.89831077270207
153121,[],[0.50214995068181],0,1,87.4543178951382,66.21948471495587
153122,[],[0.579297915039029],0,0,64.42090252256035,60.31252419938848
153123,[],[0.185003381982664],0,1,74.10652648937189,58.98128014990304
153124,[],[0.0952394477276473],0,1,8.67023897346719,10.492355362825375
153127,[],[0.460491906052652],0,1,77.15042666114832,26.548140090519162
153129,[],[0.298163556637415],0,0,82.07199822126323,45.683832324187634
153130,[],[0.228046838354982],0,1,55.45921056028884,60.961919582332825
153131,[],[0.0904803067821986],0,1,36.3203541594966,17.062464280651643
153132,[],[0.526888369105559],0,0,71.53345186000713,33.88625350714472
153133,[],[0.689897979073873],0,1,71.07221499940097,28.031675180675435
153134,[],[0.0895102357070453],0,1,39.82803623514845,13.398190824766042
153135,[],[0.154263500271703],0,1,29.007595388032204,27.392058632422934
153136,[],[0.401856392908184],0,0,90.48203112460396,65.99813830282162
153137,[],[0.211320751605869],0,1,17.154791541487796,29.577017311298896
153138,[],[0.1819356303128],0,0,16.81697123582714,25.95794529863943
153139,[],[0.57988650930704],0,1,57.89374664391423,61.815261060925344
153141,[],[0.781264525072539],0,0,77.83013596207087,9.53782416585248
153142,[],[0.746294067215709],0,1,74.99324467665856,26.60809556040818
153143,[],[0.449464228339212],0,0,42.441917399711166,69.02797127347442
153145,[],[0.147804147149456],0,1,25.92715727119095,19.38504504080685
153146,[],[0.358586790103723],0,1,92.37369746906164,66.94610243295594
153147,[],[0.717247558932212],0,1,77.73494063696795,6.131119261327045
153149,[],[0.0750459835497601],0,0,96.50310761771448,90.45694368663598
153152,[],[0.161168285705033],0,1,71.00350378421003,49.01949998342396
153153,[],[0.246108321455791],0,1,17.3328979064987,5.55850848684234
153154,[],[0.108268856743253],0,0,96.37159468538405,99.06137405700176
153155,[],[0.201425878239063],0,1,47.48914345128104,21.452566230824413
153156,[],[0.543360889534503],0,0,68.78848652510848,61.47112499450208
153157,[],[0.194468465861703],0,0,90.14513254099055,1.8557998663630813
153158,[],[0.709489837186714],0,0,76.87792626594995,15.036410127170738
153159,[],[0.175415129920472],0,0,92.44725946073021,1.001835694998859
153160,[],[0.504630706240125],0,0,85.92770491071403,66.5229967992383
153161,[],[0.163295791831464],0,1,92.20438760443884,35.86174868977266
153162,[],[0.489859950080982],0,1,77.65108350378317,63.055887643162784
153163,[],[0.26087286909409],0,0,80.6430546046833,25.45912721516016
153164,[],[0.469571111199182],0,0,14.94188352024801,2.488204529041015
153165,[],[0.18347214925265],0,0,59.35751962315542,58.031710213411166
153166,[],[0.153715278132756],0,0,95.99442605542573,13.009372205495913
153168,[],[0.121830760612409],0,1,71.46101427295886,75.37172490620627
153169,[],[0.408623151976586],0,1,15.845731280398951,3.6497999436456725
153171,[],[0.232788546253141],0,0,68.06065981099393,4.0301098382237335
153172,[],[0.133117419967489],0,1,59.14369773710834,9.422837158892644
153173,[],[0.433480101875867],0,0,92.22025397554542,67.82483760056421
153174,[],[0.180407695994362],0,1,89.9249200065141,15.752808032299177
153175,[],[0.50214995068181],0,1,87.44046719196628,66.29264543806855
153176,[],[0.275675045443866],0,0,51.76096638965442,60.92084465458397
153180,[],[0.131056707940561],0,1,44.9805806059223,3.118962104884255
153182,[],[0.415519754634513],0,0,49.00621787994505,60.90793700300332
153183,[],[0.463376052494897],0,1,65.97892812896096,45.90684901640208
153184,[],[0.234939587458512],0,1,76.93531716245491,75.02922837915197
153185,[],[0.257955887070268],0,1,45.74152069345705,66.91002420564506
153186,[],[0.518137033392296],0,0,65.84643808502479,2.5527293776348188
153187,[],[0.791656103324575],0,1,74.40102699656539,25.83108700615292
153188,[],[0.114333837001345],0,0,93.87747898641793,88.69067987610372
153189,[],[0.429226642236921],0,1,59.88530384817211,62.79229878484357
153190,[],[0.163089165887797],0,0,29.04624744232818,21.67921538856938
153191,[],[0.34001579945266],0,1,81.15271016398532,41.60105751137891
153192,[],[0.177711376544143],0,0,12.43988199964769,26.685594060156042
153193,[],[0.156095103070745],0,1,94.29159321828956,2.1656423964386184
153194,[],[0.163190781432321],0,0,82.66586107943903,4.894892915194962
153195,[],[0.170011606351129],0,0,60.44651931761901,42.707213046937476
153197,[],[0.651336077576957],0,1,77.64056058660151,16.790333893636717
153198,[],[0.146040668262542],0,0,95.75267646724507,37.01294402185641
153199,[],[0.628728837854499],0,1,75.92743766787872,22.90750081646783
153203,[],[0.709489837186714],0,0,76.24275982126463,15.111952987788133
153205,[],[0.541597310632582],0,1,69.8269113341326,38.838806445144506
153206,[],[0.551941359133969],0,1,86.11265209577343,65.0147313986408
153207,[],[0.0786788154172418],0,0,49.90381113399024,40.63937252701685
153208,[],[0.279256205993406],0,0,50.96888921420869,59.71008513179142
153209,[],[0.49177848735268],0,1,79.52549433455441,19.444306123514878
153210,[],[0.342994836918544],0,1,81.77008784996666,43.945955326934396
153211,[],[0.109809208698704],0,0,94.48644791601498,83.04752543839786
153212,[],[0.560689901570973],0,0,15.495194683780122,0.34704888135728446
153213,[],[0.288094977742677],0,0,61.89110161037956,46.47551326126709
153214,[],[0.137089752156809],0,0,23.648884101229193,4.262690381522062
153215,[],[0.162638368783657],0,1,48.07642752995996,25.277411962254472
153216,[],[0.342994836918544],0,1,81.45178099154752,43.78481264161338
153218,[],[0.701964263369091],0,0,72.16003570989615,60.89106788143587
153219,[],[0.110716240627648],0,1,88.69147084815842,98.0713946561449
153220,[],[0.150052678875649],0,0,93.79420540454957,85.95989999465827
153221,[],[0.106120354906997],0,0,44.88607360799234,12.021543193866867
153223,[],[0.15531903573286],0,0,93.23736321810117,84.87390357981602
153224,[],[0.20138052054051],0,1,36.349545535019395,36.058308053057225
153225,[],[0.167451661529908],0,0,97.15111464573468,27.64609815045903
153226,[],[0.410039955632327],0,1,67.84625510372854,3.944496166381641
153230,[],[0.487193301749433],0,1,91.82454610030321,66.91080592992955
153231,[],[0.254757466687073],0,0,37.447585477928406,35.67488733710285
153233,[],[0.0812016732749393],0,1,46.11537547938158,39.71124988193239
153234,[],[0.402969051226055],0,1,51.98434424239496,62.68254587120805
153235,[],[0.553618474467225],0,0,88.12247427170192,66.84960812774061
153236,[],[0.577683971089085],0,1,90.0178266957583,68.13518444821304
153237,[],[0.248140578320307],0,0,39.74353509528124,36.53225880494965
153238,[],[0.150598937773593],0,0,22.77938296500215,26.09754170523639
153239,[],[0.623285654465351],0,0,68.28464113319383,37.44973929227132
153240,[],[0.541857154978072],0,0,80.49819085127479,63.80588137062509
153241,[],[0.205799856556474],0,1,41.216166736764755,34.92494274624355
153242,[],[0.466285988521026],0,0,94.45901663153906,0.9942581824469432
153244,[],[0.549055891660176],0,0,91.95486207013407,68.18336802195357
153247,[],[0.44524910406539],0,0,74.97008466604964,5.2970520325264925
153248,[],[0.31713991733842],0,1,74.27195304130714,78.47768964190709
153249,[],[0.718169399630757],0,1,78.5749383777331,8.603972256385886
153250,[],[0.630468139304186],0,1,77.65078510344382,7.497742902384098
153253,[],[0.284541232318544],0,0,86.79847875680304,43.91336636666556
153254,[],[0.586559217656458],0,0,82.31109378005347,64.02382503496275
153257,[],[0.666081629359071],0,0,69.86377595375869,34.619919030657535
153259,[],[0.733970621715689],0,1,75.21360544655538,24.671545719611956
153260,[],[0.144910300144547],0,0,93.66963515847344,12.457083278085388
153261,[],[0.714292111910718],0,1,77.65703903261962,10.015732793037941
153262,[],[0.568212885118986],0,0,89.33096993222757,67.08040955191888
153263,[],[0.0941556704545422],0,1,94.3494323645027,74.75959896305142
153264,[],[0.0769171685853527],0,1,48.198857360996655,34.78428416324726
153265,[],[0.168743017493802],0,0,21.872214755526418,25.155016816710084
153266,[],[0.118400112304217],0,1,31.40238922700736,25.44213452510638
153268,[],[0.586559217656458],0,0,82.19422041182828,64.96865610743885
153269,[],[0.246108321455791],0,1,17.1808494024681,5.129052326298267
153270,[],[0.14793230923668],0,1,36.03119911079357,7.557548826762583
153271,[],[0.140765919967667],0,1,50.43956393143738,68.46992484083792
153272,[],[0.147492648773776],0,1,46.31310580039982,25.007060142773412
