"loci","inds"
2369,105
5273,130
9290,100
1252,183
8826,150
356,75
7700,23
3954,154
9091,122
5403,189
932,52
9189,190
5637,116
4002,29
9052,47
259,1
5434,9
481,64
7326,129
8491,14
2454,48
9028,35
9174,59
7789,124
5468,3
6341,10
9732,70
2274,27
2552,66
727,16
945,26
626,165
4358,149
6534,162
1396,176
5123,20
2818,33
9207,65
517,93
8225,80
9970,43
103,74
5348,73
7146,180
9545,82
1693,177
4172,106
5897,167
5611,148
3619,126
16,127
5445,13
988,46
7810,62
8274,200
9106,193
2344,98
149,169
7140,17
5689,164
100,72
2346,159
2450,53
91,85
6925,144
7349,86
5174,187
6995,172
4816,108
5878,83
9501,41
6782,146
8619,60
6586,117
5232,138
4680,58
7453,84
951,56
8102,61
9729,95
5261,157
1925,81
4407,15
2859,55
9770,87
4856,5
1889,143
9467,78
9955,110
1907,173
8895,12
3310,40
6670,30
2310,185
4395,161
7614,50
8946,133
4895,197
6050,168
2910,174
1248,11
7382,125
4390,68
607,34
2831,4
8738,120
2474,112
2236,175
8446,94
8460,158
4736,32
3482,137
2089,184
7361,166
8856,191
1122,89
6681,155
162,21
636,101
2754,178
9823,131
5664,49
3995,170
5817,111
4892,123
6774,151
3109,179
9354,153
2821,31
4174,140
4622,96
3740,71
3169,119
6627,97
3546,188
1151,145
3565,136
5675,99
7860,38
3578,103
4433,118
4027,57
4635,160
3252,44
9803,79
5521,139
1293,114
2015,135
1406,7
3196,37
7231,132
2609,92
4669,102
7796,196
8081,76
4001,113
2,77
8863,6
7816,39
8963,182
8933,90
2317,24
8897,171
8862,18
5683,45
4540,186
7727,147
3270,152
5130,115
1225,195
5865,198
1945,128
7683,91
4277,107
8943,42
5404,104
5884,192
463,22
6749,2
9529,181
2132,194
3958,199
5080,63
8417,142
9318,88
4585,109
3734,121
7066,51
6100,28
3071,163
9423,156
9301,25
1954,54
4249,141
7105,8
6030,134
49,19
156,69
9783,67
2218,36
4388,105
4244,130
2767,100
5959,183
3185,150
7195,75
2654,23
2693,154
8084,122
3698,189
5003,52
4828,190
3945,116
1939,29
9429,47
5412,1
7594,9
9177,64
2486,129
5947,14
4721,48
542,35
6843,59
7110,124
3631,3
5225,10
5322,70
7538,27
1975,66
6535,16
4494,26
6412,165
5642,149
7289,162
1625,176
3359,20
4955,33
1488,65
868,93
8568,80
8472,43
7078,74
981,73
5524,180
8907,82
8186,177
5345,106
9564,167
605,148
1828,126
3936,127
7526,13
4032,46
2813,62
4743,200
5893,193
928,98
978,169
2983,17
5498,164
1078,72
6531,159
7380,53
6891,85
3337,144
9873,86
3783,187
4060,172
9625,108
3731,83
335,41
9463,146
6275,60
9366,117
5181,138
5140,58
4778,84
7522,56
9175,61
4625,95
9427,157
7342,81
6417,15
94,55
6323,87
2352,5
5050,143
5956,78
8665,110
9562,173
9447,12
5486,40
3188,30
6252,185
601,161
3614,50
2151,133
8947,197
1282,168
4006,174
7561,11
9400,125
4939,68
9606,34
197,4
1216,120
9776,112
1217,175
5545,94
1073,158
6604,32
5142,137
3841,184
5497,166
8324,191
2101,89
1083,155
6981,21
2750,101
9620,178
6231,131
228,49
2041,170
1593,111
1198,123
4099,151
9897,179
6282,153
4577,31
9013,140
7013,96
6086,71
1774,119
8900,97
1499,188
2953,145
3159,136
2544,99
2266,38
6476,103
110,118
1143,57
619,160
8919,44
27,79
8784,139
1134,114
1753,135
7068,7
4623,37
9533,132
4363,92
5485,102
3658,196
2541,76
5967,113
3409,77
2148,6
1734,39
3530,182
1020,90
1236,24
1535,171
1616,18
6672,45
5875,186
6968,147
4839,152
9768,115
925,195
5806,198
4254,128
7085,91
1251,107
6698,42
4194,104
7591,192
4916,22
5333,2
1333,181
6827,194
8126,199
826,63
6569,142
4076,88
1468,109
5586,121
4847,51
1057,28
3979,163
5805,156
2446,25
2022,54
5421,141
9472,8
6270,134
8739,19
1581,69
3216,67
8179,36
8429,105
5369,130
4861,100
8695,183
8173,150
3174,75
7112,23
8058,154
8287,122
6053,189
3031,52
2281,190
1018,116
331,29
1185,47
3140,1
4924,9
4711,64
8683,129
8330,14
8904,48
3036,35
8877,59
3156,124
3767,3
8200,10
9056,70
8067,27
4201,66
4272,16
7755,26
6674,165
5432,149
5842,162
8945,176
7162,20
4848,33
2312,65
9330,93
3279,80
1853,43
8355,74
5744,73
9248,180
8758,82
490,177
3490,106
9227,167
589,148
9609,126
6400,127
8538,13
722,46
273,62
8231,200
8610,193
4300,98
9559,169
2708,17
8666,164
9802,72
4616,159
7444,53
8860,85
1390,144
6241,86
1720,187
9915,172
9202,108
2117,83
1450,41
1283,146
2066,60
242,117
7560,138
7656,58
5268,84
1843,56
2722,61
9493,95
8372,157
9811,81
3155,15
747,55
3666,87
938,5
7325,143
5538,78
6934,110
900,173
236,12
2423,40
3732,30
4787,185
4391,161
2569,50
9023,133
1726,197
6675,168
4117,174
1387,11
959,125
2540,68
2420,34
3975,4
3164,120
4516,112
6841,175
9987,94
5786,158
4153,32
7893,137
1256,184
4899,166
7778,191
4905,89
348,155
8586,21
2912,101
9550,178
5185,131
3662,49
1919,170
8250,111
7925,123
8672,151
9195,179
4607,153
6302,31
2419,140
757,96
4450,71
6115,119
2732,97
7714,188
8187,145
9818,136
816,99
530,38
5270,103
8753,118
2772,57
8222,160
7752,44
7091,79
9135,139
7641,114
1540,135
6044,7
1065,37
5473,132
2758,92
910,102
4745,196
6236,76
415,113
9886,77
454,6
9814,39
4593,182
6411,90
4041,24
9067,171
7827,18
8097,45
3435,186
1778,147
4321,152
4919,115
4642,195
1765,198
6967,128
5010,91
3900,107
3023,42
8263,104
8202,192
1991,22
2904,2
8981,181
8255,194
1266,199
8681,63
35,142
6403,88
4297,109
7104,121
7679,51
9005,28
3163,163
3869,156
487,25
6442,54
4113,141
4578,8
2580,134
1457,19
9866,69
4056,67
9629,36
5578,105
7280,130
9586,100
3178,183
3207,150
7705,75
2584,23
5887,154
3906,122
8484,189
8116,52
3055,190
2801,116
9361,29
7248,47
9482,1
8884,9
5630,64
6339,129
7822,14
8137,48
5815,35
6089,59
750,124
4675,3
7459,10
1505,70
4796,27
1829,66
1878,16
2436,26
2333,165
8584,149
3372,162
7468,176
9327,20
9304,33
7875,65
4227,93
2714,80
2988,43
8941,74
6577,73
7471,180
1627,82
2195,177
2966,106
2153,167
1789,148
1714,126
9612,127
324,13
2130,46
5694,62
4195,200
3882,193
8345,98
4775,169
9277,17
3931,164
9998,72
1536,159
8087,53
7754,85
7061,144
4166,86
7092,187
4508,172
2824,108
3743,83
2341,41
6458,146
5459,60
2644,117
2059,138
1883,58
3825,84
1464,56
374,61
6303,95
2228,157
9951,81
8381,15
1981,55
65,87
1553,5
5163,143
7128,78
6689,110
594,173
3582,12
69,40
720,30
5389,185
1400,161
5363,50
2698,133
6762,197
7415,168
4732,174
6737,11
7682,125
5839,68
855,34
8064,4
9819,120
2362,112
9871,175
5392,94
6218,158
983,32
7414,137
6409,184
5790,166
3166,191
201,89
293,155
3428,21
8678,101
3682,178
3139,131
3570,49
1809,170
6488,111
2034,123
6347,151
4104,179
5173,153
7060,31
9986,140
7926,96
5053,71
3223,119
1848,97
417,188
444,145
5240,136
1555,99
9040,38
5364,103
6578,118
6005,57
1482,160
1014,44
5197,79
3180,139
309,114
118,135
5415,7
3772,37
2725,132
3251,92
4661,102
9391,196
6205,76
6645,113
262,77
5018,6
6713,39
2556,182
7507,90
2174,24
696,171
9430,18
8595,45
3573,186
9352,147
5753,152
1330,115
84,195
3086,198
8802,128
6497,91
7158,107
7598,42
3335,104
5158,192
8812,22
8138,2
4377,181
1438,194
5019,199
8851,63
5290,142
6461,88
5321,109
406,121
1115,51
1608,28
1399,163
1040,156
1096,25
5783,54
6864,141
7157,8
5469,134
4281,19
586,69
980,67
896,36
1170,105
3784,130
7269,100
7319,183
4346,150
9389,75
6903,23
2529,154
2975,122
7132,189
6326,52
73,190
4897,116
6033,29
8582,47
1747,1
3745,9
8843,64
4416,129
2139,14
7219,48
4533,35
7255,59
7989,124
7379,3
1327,10
5409,70
5528,27
3656,66
1378,16
929,26
1758,165
9384,149
101,162
4351,176
7595,20
3291,33
4785,65
8017,93
825,80
6528,43
7417,74
2843,73
8659,180
9641,82
6001,177
1697,106
2990,167
1479,148
7912,126
4132,127
3769,13
6740,46
1239,62
7955,200
4783,193
8441,98
6082,169
7270,17
7102,164
6759,72
9483,159
8557,53
9784,85
9333,144
1458,86
3690,187
7575,172
8333,108
360,83
6772,41
3749,146
1361,60
5769,117
424,138
5523,58
9920,84
353,56
1420,61
1133,95
9146,157
4133,81
2455,15
795,55
5023,87
9230,5
9727,143
9539,78
3534,110
1678,173
7646,12
4546,40
2229,30
746,185
7491,161
312,50
7580,133
6620,197
4288,168
9717,174
9774,11
2998,125
3026,68
1417,34
4221,4
5448,120
3848,112
8395,175
1200,94
1986,158
5721,32
4462,137
8224,184
8804,166
4656,191
9657,89
3818,155
19,21
7127,101
7542,178
1844,131
1851,49
298,170
7872,111
2949,123
8149,151
4538,179
6711,153
4206,31
9650,140
5212,96
1274,71
216,119
716,97
7450,188
2406,145
2977,136
1372,99
3693,38
297,103
1036,118
5639,57
5638,160
3219,44
8434,79
9026,139
4936,114
1953,135
8494,7
5758,37
6150,132
467,92
5796,102
3605,196
897,76
4797,113
527,77
1754,6
2715,39
7801,182
350,90
1502,24
233,171
8184,18
3262,45
1382,186
939,147
1222,152
2448,115
9235,195
9678,198
6311,128
1454,91
8047,107
8495,42
8938,104
7346,192
5087,22
239,2
1012,181
4695,194
119,199
9395,63
8707,142
9137,88
1301,109
9795,121
7839,51
6970,28
5833,163
6251,156
9237,25
1006,54
9356,141
6469,8
7600,134
8702,19
5285,69
2854,67
8085,36
3204,105
3973,130
7512,100
6284,183
8690,150
2535,75
3612,23
4333,154
5695,122
7204,189
5245,52
4108,190
5377,116
6447,29
3148,47
4463,1
9558,9
1375,64
6385,129
8988,14
3773,48
9388,35
714,59
4419,124
4305,3
3481,10
2635,70
295,27
5667,66
5362,16
3861,26
1242,165
7160,149
6319,162
7688,176
4727,20
5952,33
4855,65
1989,93
9714,80
4135,43
6042,74
6058,73
4436,180
652,82
8852,177
1342,106
8195,167
4236,148
5039,126
6947,127
2519,13
8550,46
5386,62
6746,200
102,193
9165,98
2113,169
3626,17
2874,164
9036,72
5539,159
4109,53
3909,85
5610,144
4912,86
4878,187
5595,172
4513,108
3585,83
7712,41
4779,146
9433,60
131,117
4983,138
7031,58
1334,84
3489,56
6470,61
1486,95
6004,157
5076,81
1060,15
6031,55
9225,87
8477,5
8911,143
4560,78
2029,110
1425,173
4673,12
1847,40
9086,30
9709,185
2937,161
1071,50
7515,133
4188,197
3634,168
8706,174
5914,11
92,125
1744,68
7072,34
6359,4
3621,120
952,112
238,175
5349,94
7676,158
7622,32
1822,137
5969,184
9412,166
7959,191
8166,89
3676,155
308,21
3157,101
8146,178
7142,131
2091,49
5004,170
4253,111
8750,123
1773,151
7868,179
5035,153
7543,31
3494,140
7574,96
3963,71
927,119
8483,97
502,188
25,145
5495,136
1743,99
2853,38
9440,103
6143,118
4527,57
9008,160
3347,44
5603,79
4717,139
122,114
4592,135
9300,7
1804,37
1516,132
683,92
6917,102
717,196
6907,76
6837,113
1061,77
1043,6
5626,39
9991,182
5516,90
6087,24
7452,171
1645,18
9601,45
4301,186
112,147
3338,152
2473,115
8696,195
1729,198
8633,128
9734,91
2825,107
6542,42
5077,104
2220,192
7197,22
3084,2
3990,181
2204,194
6443,199
7913,63
632,142
474,88
1801,109
4046,121
3254,51
1294,28
5104,163
7447,156
2372,25
4685,54
6789,141
5988,8
1812,134
3181,19
9697,69
4790,67
6139,36
9353,105
6793,130
1983,100
284,183
1868,150
7934,75
6074,23
912,154
5874,122
8141,189
127,52
3151,190
6148,116
9254,29
754,47
7807,1
4942,9
2118,64
5047,129
3550,14
9262,48
8334,35
1082,59
3493,124
2696,3
1650,10
6845,70
3468,27
4569,66
4365,16
6661,26
4531,165
1377,149
6348,162
5519,176
4190,20
1278,33
4003,65
3782,93
6249,80
7999,43
387,74
9978,73
5260,180
9050,82
1908,177
4973,106
2291,167
8909,148
6705,126
8356,127
5441,13
7314,46
509,62
4290,200
3034,193
1271,98
5051,169
6886,17
5570,164
587,72
7878,159
7817,53
4604,85
4731,144
4852,86
255,187
6743,172
7418,108
6688,83
3898,41
8318,146
5804,60
2548,117
5572,138
5111,58
4428,84
9255,56
2525,61
7394,95
1510,157
2243,81
4122,15
9787,55
4042,87
8454,5
4719,143
2215,78
8754,110
3583,173
2353,12
1437,40
4915,30
6109,185
9669,161
147,50
5177,133
6959,197
5196,168
1622,174
4859,11
2146,125
9974,68
9984,34
9635,4
6291,120
6954,112
4324,175
6564,94
4737,158
850,32
3560,137
4448,184
1098,166
1011,191
1779,89
6642,155
4205,21
2126,101
2895,178
202,131
366,49
4688,170
791,111
2418,123
7017,151
8771,179
2532,153
4007,31
2190,140
955,96
4066,71
8999,119
5352,97
8071,188
1288,145
1935,136
4886,99
1460,38
1099,103
2303,118
1938,57
5208,160
3127,44
7427,79
1388,139
7209,114
8295,135
7643,7
6338,37
957,132
8308,92
2796,102
8937,196
1661,76
9903,113
9508,77
497,6
966,39
5658,182
8719,90
3968,24
6288,171
4410,18
1533,45
8427,186
6996,147
7177,152
9662,115
1369,195
2090,198
2781,128
5890,91
3342,107
8406,42
9880,104
5347,192
9807,22
3046,2
3581,181
4307,194
4748,199
9285,63
2690,142
1815,88
6953,109
4171,121
8762,51
2625,28
851,163
5950,156
5845,25
4744,54
2911,141
8007,8
2764,134
7145,19
8207,69
8799,67
1311,36
953,105
847,130
9517,100
9295,183
6485,150
2037,75
5801,23
8570,154
7979,122
9209,189
8730,52
8492,190
3755,116
6274,29
6979,47
1807,1
9627,9
3433,64
6964,129
5410,14
3910,48
8411,35
4037,59
3057,124
6879,3
9338,10
8602,70
523,27
4927,66
8515,16
1534,26
6944,165
6389,149
1641,162
9513,176
663,20
4739,33
7505,65
2299,93
2447,80
9499,43
1072,74
3521,73
7469,180
9341,82
8564,177
8480,106
5383,167
4479,148
8301,126
8008,127
532,13
2296,46
5882,62
4435,200
2464,193
372,98
8791,169
9834,17
338,164
540,72
7343,159
8859,53
8980,85
5844,144
1629,86
1958,187
8425,172
9833,108
2439,83
6362,41
1845,146
3105,60
6682,117
1859,138
1053,58
5984,84
4514,56
5529,61
9684,95
2626,157
2092,81
8310,15
368,55
3244,87
1418,5
9136,143
8307,78
2840,110
6283,173
1351,12
7446,40
2969,30
8553,185
3299,161
5399,50
3811,133
5114,197
8391,168
7553,174
6307,11
603,125
2564,68
1524,34
9369,4
7909,120
1284,112
8814,175
974,94
9466,158
3608,32
6768,137
5668,184
369,166
3803,191
2803,89
4095,155
5561,21
8839,101
7465,178
923,131
1685,49
4043,170
684,111
9272,123
2962,151
4309,179
6811,153
97,31
5655,140
7388,96
3813,71
2939,119
1992,97
4128,188
407,145
4267,136
3587,99
7125,38
8709,103
2839,118
4317,57
151,160
7395,44
8749,79
2702,139
8190,114
9693,135
5084,7
3429,37
5860,132
3351,92
2814,102
6603,196
7854,76
8930,113
9980,77
8242,6
7993,39
8266,182
1736,90
7793,24
3928,171
7918,18
2082,45
5686,186
1751,147
7843,152
2719,115
4451,195
3922,198
4933,128
2496,91
4543,107
9716,42
5354,104
7440,192
2673,22
6862,2
8162,181
4566,194
8154,199
9257,63
8153,142
1550,88
5194,109
7258,121
3075,51
2643,28
3816,163
7265,156
6509,25
4770,54
5551,141
9837,8
9874,134
1428,19
3456,69
9445,67
8531,36
9138,105
367,130
2319,100
5090,183
8626,150
403,75
6062,23
6834,154
574,122
6226,189
4293,52
2922,190
5960,116
4287,29
5299,47
6584,1
4185,9
8021,64
2078,129
8951,14
1419,48
311,35
7744,59
180,124
5042,3
3081,10
2431,70
1490,27
3235,66
167,16
5099,26
6197,165
1463,149
1745,162
9993,176
712,20
8728,33
2826,65
6105,93
3724,80
3154,43
3303,74
9808,73
9510,180
2111,82
8172,177
1527,106
2838,167
1630,148
6988,126
3938,127
661,13
2614,46
537,62
8055,200
4606,193
5361,98
2255,169
2457,17
5381,164
4389,72
8847,159
5591,53
608,85
7740,144
602,86
6543,187
3525,172
4457,108
5555,83
3988,41
6027,146
8051,60
545,117
7613,138
4469,58
1107,84
7410,56
8918,61
1560,95
2739,157
3099,81
1546,15
9548,55
3799,87
9273,5
7771,143
2055,78
6346,110
9777,173
1147,12
5955,40
1070,30
689,185
4580,161
8,50
2622,133
7687,197
7360,168
7584,174
6023,11
7693,125
6014,68
5202,34
8380,4
3865,120
5647,112
3197,175
2665,94
7550,158
1310,32
9674,137
3015,184
1711,166
9031,191
2171,89
7124,155
9940,21
1004,101
9905,178
9585,131
3280,49
2852,170
2652,111
9546,123
6933,151
1436,179
9902,153
9107,31
8601,140
4478,96
5709,71
9610,119
4984,97
7567,188
294,145
8682,136
1179,99
9843,38
8861,103
3002,118
2271,57
1643,160
6406,44
492,79
5110,139
9258,114
6574,135
2240,7
7029,37
6304,132
4348,92
3674,102
4629,196
7546,76
6012,113
4098,77
8013,6
681,39
5143,182
8965,90
7117,24
7233,171
3053,18
5779,45
465,186
4813,147
2044,152
776,115
4786,195
1721,198
8913,128
9785,91
158,107
1365,42
3460,104
7557,192
8840,22
2923,2
767,181
3341,194
3202,199
3324,63
3147,142
4929,88
8259,109
6238,121
3224,51
1528,28
908,163
9045,156
3373,25
561,54
5687,141
8315,8
3121,134
2300,19
7409,69
5250,67
4311,36
949,105
6551,130
2247,100
5116,183
3072,150
2262,75
1328,23
4995,154
8973,122
9490,189
4176,52
2123,190
655,116
8535,29
7988,47
4609,1
4626,9
2656,64
505,129
1900,14
9975,48
8305,35
6016,59
1620,124
7178,3
7442,10
5009,70
2897,27
3997,66
8501,16
7694,26
8832,165
5971,149
7514,162
7025,176
7554,20
9218,33
4867,65
3984,93
985,80
6580,43
4588,74
1876,73
8115,180
6057,82
9424,177
5215,106
9335,167
3762,148
5567,126
1606,127
5276,13
1869,46
7984,62
7731,200
5355,193
2006,98
6870,169
4926,17
2088,164
8062,72
3895,159
7572,53
9731,85
9139,144
5751,86
3660,187
4155,172
4149,108
3122,83
7477,41
3944,146
7935,60
5186,117
1172,138
9340,58
475,84
7055,56
7792,61
7628,95
7885,157
4207,81
2634,15
4260,55
2661,87
1519,5
3274,143
4950,78
3575,110
9645,173
907,12
9503,40
3789,30
2166,185
1749,161
3017,50
2926,133
5416,197
8248,168
9071,174
1176,11
6257,125
9152,68
8297,34
383,4
7764,120
8428,112
7527,175
3325,94
9487,158
8878,32
5478,137
8215,184
6683,166
5819,191
1966,89
3044,155
5558,21
4565,101
3183,178
9628,131
9742,49
4372,170
668,111
903,123
9406,151
7385,179
5714,153
8816,31
1950,140
7211,96
544,71
2484,119
2539,97
1727,188
4106,145
272,136
4327,99
2991,38
3703,103
132,118
9913,57
8636,160
6309,44
685,79
9744,139
7525,114
6585,135
3860,7
9654,37
2049,132
5226,92
8892,102
3566,196
4291,76
2571,113
9012,77
3357,6
9242,39
5951,182
9922,90
3787,24
933,171
1764,18
5119,45
2206,186
1583,147
5456,152
7678,115
6473,195
5220,198
7203,128
3672,91
7329,107
7161,42
4676,104
9336,192
2411,22
4147,2
5284,181
9666,194
4114,199
8379,63
483,142
6521,88
7853,109
9239,121
3108,51
5854,28
1106,163
5713,156
9680,25
6709,54
4396,141
4092,8
8140,134
7891,19
1618,69
4163,67
7593,36
4180,105
1979,130
5684,100
314,183
1613,150
7937,75
6560,23
6616,154
4033,122
2394,189
3836,52
3879,190
7588,116
2067,29
3514,47
6299,1
1017,9
6550,64
5052,129
8723,14
4959,48
6892,35
9743,59
3753,124
8693,3
6253,10
6840,70
3758,27
8077,66
6829,16
846,26
1009,165
4455,149
159,162
1031,176
4537,20
4850,33
9661,65
9689,93
4674,80
4005,43
5131,74
3321,73
3885,180
4,82
2589,177
9707,106
598,167
7249,148
6250,126
5559,127
1808,13
8618,46
4830,62
9944,200
4876,193
9968,98
2822,169
4498,17
289,164
3085,72
840,159
4705,53
8669,85
4334,144
8641,86
6225,187
385,172
3232,108
865,83
9862,41
7366,146
7724,60
2268,117
8526,138
4750,58
5509,84
8436,56
7826,61
1901,95
7645,157
1291,81
7134,15
2315,55
5112,87
5888,5
1996,143
7617,78
4937,110
6212,173
3798,12
1849,40
6490,30
546,185
5464,161
232,50
1824,133
829,197
6289,168
4693,174
2120,11
7616,125
879,68
5380,34
6835,4
468,120
7761,112
4103,175
7485,94
2639,158
8282,32
1445,137
3203,184
4080,166
1909,191
2421,89
8670,155
7226,21
4441,101
1343,178
9752,131
4980,49
8536,170
921,111
3790,123
2776,151
1211,179
5562,153
8111,31
7403,140
7677,96
6555,71
3989,119
3131,97
7193,188
9314,145
7109,136
1579,99
5170,38
6643,103
7662,118
1927,57
5165,160
9161,44
2468,79
1862,139
3952,114
4965,135
5720,7
9,37
7945,132
1873,92
7274,102
8950,196
4934,76
7292,113
7618,77
3286,6
3,39
5808,182
698,90
3360,24
4303,171
8034,18
5152,45
5388,186
81,147
2234,152
6946,115
2759,195
6856,198
4048,128
1403,91
554,107
8637,42
3872,104
9945,192
3679,22
7954,2
2713,181
3883,194
3077,199
2173,63
2932,142
9362,88
6601,109
6034,121
4556,51
8668,28
6254,163
235,156
611,25
1270,54
142,141
3056,8
7549,134
1619,19
3513,69
4129,67
3868,36
6823,105
1723,130
6647,100
9577,183
7586,150
830,75
5205,23
486,154
1029,122
1686,189
6418,52
8527,190
7456,116
4551,29
2902,47
6510,1
1792,9
26,64
3766,129
5028,14
8016,48
2221,35
8787,59
8185,124
5812,3
3208,10
9597,70
510,27
2841,66
2458,16
8000,26
8036,165
1213,149
2727,162
4458,176
4425,20
5575,33
4990,65
3589,93
2799,80
9319,43
8520,74
3345,73
8474,180
7774,82
8269,177
4051,106
2736,167
1421,148
6650,126
6537,127
5657,13
229,46
5187,62
9112,200
5847,193
8023,98
2951,169
2705,17
6915,164
3826,72
9626,159
3630,53
8104,85
7780,144
4541,86
6112,187
6025,172
2687,108
6949,83
5457,41
3361,146
8123,60
3600,117
7037,138
7698,58
9637,84
405,56
7887,61
2032,95
8579,157
3998,81
3128,15
2857,55
3716,87
6135,5
1466,143
2686,78
4177,110
5066,173
4733,12
8788,40
2187,30
8560,185
7741,161
9155,50
4422,133
9387,197
3627,168
7531,174
2430,11
2093,125
389,68
2440,34
8147,4
9702,120
7960,112
1780,175
8587,94
7377,158
9869,32
880,137
1182,184
8450,166
1687,191
2047,89
7834,155
3349,21
3864,101
571,178
4152,131
596,49
6474,170
8954,111
9404,123
5560,151
5867,179
5936,153
5660,31
3511,140
8253,96
3088,71
4252,119
3562,97
3939,188
2735,145
5991,136
4029,99
7852,38
3430,103
2620,118
2554,57
6124,160
3509,44
9261,79
5834,139
8820,114
3040,135
7896,7
8041,37
3907,132
6154,92
9211,102
9082,196
9822,76
9634,113
7765,77
1601,6
3726,39
5581,182
4896,90
2445,24
1854,171
9213,18
6611,45
3475,186
4021,147
566,152
2659,115
4144,195
679,198
7490,128
4952,91
3712,107
6247,42
3591,104
8701,192
3834,22
3175,2
5012,181
2570,194
4978,199
9713,63
4523,142
174,88
9402,109
3030,121
3933,51
7570,28
7884,163
888,156
4143,25
1290,54
5688,141
930,8
8949,134
4385,19
1598,69
6379,67
7603,36
1988,105
9579,130
285,100
5474,183
5282,150
2775,75
2909,23
2414,154
5501,122
5204,189
1321,52
1679,190
6046,116
5832,29
121,47
1441,1
5107,9
6026,64
5255,129
5568,14
6227,48
4182,35
5311,59
6066,124
8403,3
4611,10
5725,70
9722,27
3184,66
6061,16
9655,26
6516,165
3089,149
4210,162
6507,176
5676,20
1538,33
1636,65
8236,93
9599,80
2425,43
4145,74
9679,73
2788,180
7659,82
9345,177
7786,106
8422,167
4009,148
2807,126
682,127
7243,13
6848,46
3264,62
2373,200
7229,193
4278,98
6729,169
1985,17
4040,164
580,72
3677,159
9259,53
7871,85
4709,144
7098,86
3331,187
6196,172
4028,108
7493,83
2024,41
9908,146
2386,60
1549,117
8778,138
6428,58
5081,84
7842,56
4208,61
1955,95
9525,157
3785,81
491,15
1352,55
6676,87
9575,5
2382,143
3688,78
8656,110
7818,173
5520,12
9439,40
8872,30
2384,185
4671,161
3041,50
6734,133
7001,197
6595,168
615,174
72,11
7762,125
5590,68
1668,34
5129,4
1565,120
5681,112
6769,175
5573,94
6699,158
8811,32
3659,137
2298,184
2097,166
8608,191
6029,89
6314,155
1422,21
5157,101
3736,178
6358,131
4821,49
9901,170
2459,111
8948,123
2896,151
7052,179
7829,153
8523,31
7971,140
6484,96
6157,71
1019,119
6739,97
9459,188
3259,145
9615,136
2102,99
6437,38
4444,103
1164,118
1435,57
4228,160
9317,44
6977,79
4093,139
6037,114
5312,135
5530,7
1521,37
7986,132
1496,92
498,102
3172,196
1893,76
4400,113
7097,77
5641,6
4819,39
9572,182
9973,90
2402,24
9542,171
3720,18
2592,45
1292,186
3978,147
2628,152
1123,115
3318,195
7368,198
1518,128
2160,91
9853,107
8218,42
7882,104
418,192
859,22
7648,2
9044,181
5060,194
5615,199
9279,63
2297,142
6168,88
7240,109
3685,121
5809,51
4204,28
5889,163
7783,156
6055,25
2364,54
6438,141
6420,8
6904,134
7262,19
1623,69
699,67
1308,36
624,105
6325,130
8106,100
9848,183
3669,150
7246,75
2515,23
8547,154
6561,122
5968,189
46,52
4977,190
2490,116
10000,29
5275,47
9894,1
1007,9
2680,64
9405,129
8378,14
772,48
4362,35
5032,59
2434,124
6726,3
7604,10
5305,70
2371,27
5677,66
8054,16
1113,26
2038,165
9798,149
4725,162
269,176
7881,20
6831,33
381,65
6990,93
6562,80
5394,43
9385,74
3556,73
4526,180
6381,82
3182,177
53,106
4020,167
3880,148
185,126
8409,127
3748,13
6085,46
3980,62
8955,200
3735,193
3797,98
343,169
5828,17
9293,164
4112,72
563,159
421,53
164,85
5632,144
9667,86
9141,187
3162,172
2973,108
5505,83
2763,41
3024,146
1705,60
6969,117
3692,138
408,58
529,84
4917,56
7788,61
2070,95
9062,157
6630,81
3640,15
9750,55
1154,87
2208,5
4255,143
2629,78
8599,110
5022,173
3492,12
680,40
339,30
6441,185
8079,161
2777,50
2302,133
7297,197
6329,168
2392,174
6935,11
1410,125
4589,68
7023,34
4160,4
5323,120
1654,112
3314,175
2040,94
9408,158
5241,32
442,137
2442,184
4484,166
1381,191
9200,89
9570,155
8158,21
9507,101
435,178
7470,131
760,49
9520,170
2676,111
858,123
9203,151
2135,179
1262,153
4893,31
3545,140
5262,96
909,71
5697,119
7805,97
8801,188
4771,145
4412,136
5336,99
4010,38
2944,103
4476,118
1323,57
8530,160
9250,44
8883,79
3805,139
280,114
7987,135
4189,7
6673,37
5703,132
5337,92
6619,102
7946,196
1402,76
4280,113
4552,77
798,6
2480,39
914,182
8612,90
7848,24
3558,171
6457,18
3776,45
6808,186
839,147
1244,152
671,115
7720,195
4564,198
240,128
2301,91
8444,107
2100,42
3115,104
7473,192
8197,22
5537,2
1987,181
4583,194
286,199
7400,63
5439,142
9271,88
3915,109
5316,121
3977,51
1156,28
5965,163
9644,156
7338,25
5171,54
3214,141
8735,8
5091,134
6402,19
6615,69
8470,67
6960,36
8815,105
8009,130
1223,100
5332,183
7983,150
5691,75
6213,23
8281,154
7074,122
5708,189
39,52
998,190
8418,116
7028,29
1980,47
4178,1
6206,9
3793,64
6203,129
9859,14
4509,48
139,35
5168,59
6449,124
8794,3
1094,10
1153,70
7566,27
5484,66
9583,16
3768,26
8144,165
323,149
340,162
2275,176
8311,20
3451,33
2768,65
7467,93
8304,80
7997,43
2770,74
2410,73
7596,180
8700,82
1708,177
3891,106
7182,167
6932,148
6290,126
1963,127
9355,13
1341,46
5184,62
7516,200
1905,193
2085,98
2086,169
9069,17
1261,164
3858,72
3846,159
9332,53
6884,85
673,144
5008,86
3386,187
3205,172
797,108
62,83
919,41
591,146
154,60
4125,117
8989,138
4700,58
3602,84
9193,56
2107,61
6771,95
3464,157
2472,81
9682,15
9134,55
2304,87
8823,5
2245,143
1910,78
6926,110
3083,173
245,12
7944,40
3001,30
3925,185
4726,161
9115,50
4947,133
6262,197
6318,168
2485,174
2073,11
583,125
96,68
8142,34
9048,4
4500,120
3301,112
630,175
4773,94
5315,158
4810,32
5780,137
1866,184
2621,166
8125,191
9518,89
373,155
1220,21
1671,101
2325,178
5674,131
8481,49
4951,170
862,111
6142,123
7530,151
6911,179
6812,153
3652,31
6775,140
5101,96
5902,71
7245,119
2694,97
4367,188
4808,145
5855,136
5000,99
5754,38
9928,103
6285,118
9180,57
649,160
3840,44
8726,79
2154,139
616,114
3383,135
5705,7
8373,37
6797,132
1111,92
1077,102
7121,196
7972,76
8093,113
6068,77
5267,6
9561,39
7631,182
1180,90
3962,24
2899,171
808,18
4985,45
6048,186
7131,147
662,152
2043,115
3260,195
1101,198
3444,128
2677,91
2834,107
8590,42
3353,104
5746,192
411,22
8622,2
3271,181
4865,194
3495,199
9351,63
2647,142
1637,88
1813,109
1509,121
7811,51
7651,28
1631,163
290,156
2536,25
6003,54
6838,141
9540,8
2731,134
4175,19
1064,69
6761,67
8751,36
3316,105
3005,130
7769,100
4421,183
7685,150
5318,75
9547,23
1552,154
2488,122
4065,189
1272,52
6623,190
8609,116
3189,29
8631,47
8063,1
9919,9
6386,64
7207,129
2071,14
8905,48
2273,35
5148,59
3126,124
9997,3
2397,10
8303,70
9016,27
1716,66
8204,16
6571,26
9534,165
942,149
4105,162
8030,176
6459,20
9868,33
558,65
5435,93
7242,80
135,43
4903,74
6697,73
5061,180
2892,82
8882,177
920,106
6435,167
9392,148
2668,126
9801,127
8671,13
9434,46
1324,62
8468,200
782,193
3334,98
2771,169
8374,17
1316,164
9418,72
8967,159
8908,53
7873,85
8616,144
8887,86
7088,187
1879,172
1691,108
9491,83
3639,41
4209,146
1165,60
3419,117
6714,138
893,58
3967,84
2252,56
3572,61
4832,95
7345,157
8109,81
9985,15
1599,55
3333,87
7655,5
1148,143
6103,78
7910,110
2681,173
224,12
4938,40
8724,30
1895,185
5159,161
8161,50
3362,133
2256,197
1857,168
2495,174
5908,11
6099,125
3497,68
5401,34
266,4
8388,120
7421,112
1432,175
459,94
8208,158
7521,32
4486,137
3100,184
5925,166
8717,191
6720,89
5964,155
7062,21
6002,101
4639,178
9096,131
9772,49
6146,170
2510,111
7773,123
489,151
3250,179
7215,153
6994,31
5217,140
6575,96
6045,71
1314,119
2348,97
8731,188
2062,145
7312,136
9053,99
1827,38
1302,103
690,118
8048,57
3365,160
6632,44
9084,79
7766,139
8810,114
514,135
9088,7
5762,37
9589,132
674,92
944,102
4595,196
792,76
3559,113
7513,77
6565,6
5618,39
3548,182
5199,90
161,24
8549,171
3884,18
4196,45
766,186
3356,147
1208,152
1672,115
9910,195
8837,198
1781,128
60,91
2009,107
4806,42
8370,104
3064,192
5776,22
6822,2
3930,181
2433,194
30,199
9066,63
4628,142
196,88
2832,109
1346,121
6287,51
8346,28
9089,163
4427,156
8199,25
992,54
1254,141
9694,8
2674,134
4059,19
5624,69
8660,67
4168,36
43,105
814,130
9738,100
4963,183
4151,150
8049,75
2924,23
2293,154
6958,122
2209,189
8244,52
2179,190
5935,116
1543,29
9711,47
1589,1
6352,9
4968,64
477,129
3052,14
7163,48
1178,35
5164,59
38,124
2520,3
5851,10
8412,70
3424,27
7690,66
6198,16
9864,26
1532,165
6000,149
6268,162
6183,176
9516,20
6468,33
1230,65
2152,93
1508,80
1572,43
9420,74
1477,73
9477,180
3125,82
8181,177
6080,106
1391,167
8384,148
7374,126
5527,127
8430,13
4505,46
4460,62
890,200
6134,193
2980,98
1095,169
2823,17
9544,164
7889,72
6572,159
2084,53
6446,85
4430,144
6414,86
8915,187
2054,172
9038,108
8348,83
7763,41
7610,146
3644,60
5577,117
2528,138
1439,58
6372,84
7558,56
9372,61
1651,95
8174,157
105,81
4284,15
7673,55
6010,87
9168,5
2917,143
2890,78
6202,110
2871,173
5303,12
7014,40
8786,30
9969,185
4763,161
1395,50
2893,133
8559,197
288,168
104,174
5679,11
2919,125
414,68
3340,34
6505,4
6380,120
6860,112
1312,175
6753,94
1338,158
709,32
9812,137
970,184
4350,166
9456,191
2509,89
9204,155
5266,21
9308,101
7803,178
6794,131
6064,49
6444,170
5503,111
5602,123
9946,151
4774,179
186,153
5622,31
7963,140
4355,96
3038,71
5193,119
1228,97
8247,188
524,145
8040,136
5065,99
3479,38
4026,103
4310,118
9492,57
5365,160
2572,44
322,79
2258,139
9916,114
5419,135
8744,7
9749,37
6984,132
1299,92
476,102
2885,196
2568,76
2083,113
4956,77
3285,6
6929,39
9099,182
7556,90
8562,24
665,171
450,18
8323,45
3890,186
8757,147
3095,152
7218,115
1347,195
83,198
7457,128
5195,91
4630,107
6763,42
8903,104
5117,192
4230,22
5180,2
2943,181
1157,194
4248,199
8920,63
8934,142
8686,88
4199,109
2284,121
7065,51
2982,28
9475,163
5037,156
9632,25
2477,54
7802,141
1558,8
7819,134
479,19
4429,69
4323,67
3526,36
9878,105
7391,130
5810,100
4844,183
1993,150
6360,75
9212,23
8685,154
2444,122
7784,189
2514,52
9315,190
113,116
6204,29
1956,47
3921,1
1921,9
7116,64
650,129
4031,14
1793,48
8651,35
8165,59
2435,124
4913,3
1680,10
9323,70
4522,27
7063,66
6265,16
2007,26
8385,165
6140,149
2110,162
8497,176
7548,20
8487,33
3247,65
5653,93
6440,80
5766,43
2002,74
8578,73
1684,180
4908,82
4999,177
8817,106
692,167
5712,148
9313,126
7323,127
1214,13
7865,46
7903,62
8759,200
8105,193
8361,98
887,169
9936,17
7867,164
5283,72
3012,159
2338,53
1091,85
5634,144
878,86
6559,187
787,172
7939,108
4825,83
828,41
6161,146
2320,60
6791,117
8099,138
6075,58
773,84
1784,56
8392,61
7202,95
7352,157
8969,81
7123,15
4071,55
9677,87
1315,5
7492,143
4049,78
9375,110
8387,173
2197,12
6455,40
6956,30
9686,185
6732,161
2749,50
9780,133
6398,197
1046,168
3635,174
2553,11
436,125
7923,68
2760,34
5706,4
5136,120
2033,112
8475,175
7489,94
3697,158
9337,32
1592,137
2489,184
5872,166
8349,191
5406,89
6718,155
7911,21
7768,101
9996,178
6936,131
5540,49
8203,170
5835,111
9536,123
7582,151
3275,179
4989,153
783,31
6836,140
1167,96
6863,71
5722,119
9348,97
222,188
5690,145
9206,136
555,99
6833,38
9306,103
9888,118
2005,57
7564,160
863,44
1702,79
5636,139
7504,114
6733,135
758,7
1970,37
9480,132
6566,92
6353,102
4723,196
6020,76
4907,113
9607,77
1931,6
597,39
5990,182
645,90
8320,24
5320,171
3557,18
5542,45
5958,186
2276,147
4315,152
7135,115
4562,195
5395,198
6513,128
4957,91
4651,107
1852,42
6018,104
396,192
5974,22
4687,2
7359,181
1597,194
2048,199
1221,63
9025,142
3450,88
9226,109
2191,121
3472,51
6730,28
5096,163
7936,156
7532,25
6013,54
1788,141
9867,8
2511,134
8505,19
1318,69
768,67
2594,36
8563,105
4140,130
4991,100
5723,183
7114,150
1249,75
1331,23
6978,154
1667,122
9817,189
5236,52
7482,190
9502,116
6315,29
5730,47
9672,1
2267,9
5161,64
6500,129
5265,14
2792,48
1952,35
7500,59
8362,124
2061,3
1692,10
447,70
7390,27
8647,66
5384,16
6056,26
7917,165
1210,149
7666,162
4670,176
5846,20
6556,33
9458,65
3535,93
2211,80
2142,43
6382,74
8096,73
1279,180
2326,82
1409,177
5224,106
8849,167
6255,148
8635,126
1874,127
3319,13
774,46
8188,62
8170,200
7130,193
4993,98
4682,169
6875,17
8354,164
6015,72
8358,159
1699,53
7285,85
9976,144
6494,86
1577,187
1582,172
2703,108
5582,83
4612,41
1199,146
2606,60
8293,117
7111,138
430,58
434,84
1624,56
3650,61
1465,95
8899,157
6159,81
4910,15
9690,55
6828,87
388,5
1810,143
2212,78
8449,110
7430,173
657,12
9214,40
8593,30
6374,185
4475,161
9127,50
8736,133
1861,197
362,168
8567,174
6233,11
184,125
336,68
326,34
2141,4
2023,120
2378,112
8364,175
8912,94
9537,158
2817,32
4375,137
5371,184
5594,166
6573,191
8258,89
5613,155
751,21
5127,101
1119,178
9282,131
9311,49
8343,170
5909,111
6267,123
5717,151
5771,179
506,153
4807,31
8944,140
9170,96
3544,71
3739,119
5827,97
3607,188
8703,145
5021,136
1304,99
9003,38
9186,103
7828,118
4715,57
5046,160
3636,44
1050,79
3120,139
6783,114
9879,135
5743,7
1495,37
9489,132
4219,92
7899,102
6043,196
6131,76
6246,113
8027,77
5329,6
3847,39
2789,182
3420,90
6744,24
2791,171
8476,18
8990,45
3567,186
4426,147
1305,152
982,115
3025,195
8993,198
8366,128
2379,91
6576,107
8855,42
9294,104
4994,192
7113,22
3425,2
7407,181
9939,194
4235,199
9058,63
9064,142
5617,88
6192,109
8694,121
3966,51
5700,28
1285,163
1353,156
6754,25
6395,54
9359,141
8065,8
7733,134
209,19
5249,69
3713,67
3483,36
4953,105
2138,130
1491,100
6462,183
5167,150
3097,75
6690,23
1150,154
5274,122
4784,189
2383,52
7785,190
4482,116
2230,29
3714,47
9506,1
631,9
3580,64
6648,129
5856,14
4549,48
4403,35
877,59
8328,124
780,3
8720,10
47,70
1103,27
4618,66
7309,16
6138,26
3594,165
6910,149
9737,162
3074,176
8773,20
9093,33
9367,65
1296,93
2074,80
7106,43
4800,74
5472,73
3289,180
2056,82
6301,177
3042,106
5135,167
4242,148
2941,126
5461,127
4222,13
7463,46
5378,62
7931,200
3069,193
2667,98
1475,169
4216,17
2164,164
2202,72
7695,159
4382,53
9331,85
4724,144
4645,86
8410,187
5818,172
3004,108
1337,83
8489,41
4534,146
9421,60
412,117
5278,138
5128,58
5973,84
1947,56
5678,61
3838,95
1863,157
6456,81
861,15
1529,55
3950,87
6190,5
6054,143
1881,78
7475,110
6240,173
357,12
375,40
4070,30
4340,185
8367,161
1767,50
8499,133
8045,197
2928,168
4992,174
5755,11
6324,125
409,68
9595,34
2416,4
5175,120
8546,112
7723,175
6608,94
5565,158
5787,32
2599,137
7969,184
2637,166
1748,191
5898,89
9856,155
2334,21
9761,101
3821,178
8745,131
5234,49
5507,170
4762,111
2753,123
482,151
4829,179
1817,153
8068,31
1833,140
3870,96
217,71
8663,119
423,97
7333,188
2855,145
2695,136
8457,99
2901,38
5093,103
3328,118
2876,57
6317,160
2666,44
7244,79
7048,139
7880,114
7369,135
5105,7
2306,37
1142,132
6896,92
6007,102
8369,196
3850,76
7199,113
6186,77
136,6
296,39
6272,182
6986,90
5727,24
3253,171
588,18
4502,45
9010,186
4870,147
3926,152
7576,115
9673,195
3326,198
6298,128
6592,91
9872,107
71,42
5584,104
4742,192
4789,22
1081,2
7824,181
1187,194
5300,199
6764,63
885,142
732,88
8445,109
3380,121
6545,51
7940,28
5304,163
1638,156
8193,25
784,54
9001,141
2718,8
4511,134
6859,19
3402,69
9432,67
6392,36
5836,105
7914,130
1202,100
3020,183
954,150
210,75
4409,23
8001,154
5944,122
6017,189
1785,52
2786,190
8235,116
2958,29
7637,47
2740,1
7024,9
6679,64
2036,129
7032,14
1569,48
6496,35
8592,59
5063,124
4265,3
9188,10
6383,70
7478,27
7749,66
7747,16
7406,26
9565,165
5919,149
4574,162
5398,176
5058,20
4203,33
4880,65
6906,93
3037,80
9804,43
6989,74
515,73
5350,180
7200,82
3300,177
2640,106
8437,167
9809,148
8238,126
2762,127
2880,13
4045,46
8580,62
2178,200
1595,193
2981,98
2309,169
2235,17
2829,164
6096,72
1976,159
99,53
854,85
379,144
9436,86
7420,187
9249,172
5892,108
6719,83
1867,41
8404,146
5325,60
5899,117
4312,138
6478,58
905,84
8127,56
6243,61
3487,95
8970,157
5073,81
6961,15
9373,55
7967,87
5259,5
6049,143
934,78
4250,110
5295,173
7169,12
9120,40
4329,30
8019,185
4982,161
5351,50
5592,133
9291,197
1039,168
3725,174
5440,11
2265,125
4157,68
4096,34
24,4
7838,120
9924,112
2669,175
3741,94
5385,158
3227,32
1384,137
6914,184
6652,166
2955,191
4299,89
6765,155
8072,21
6375,101
9398,178
9113,131
2965,49
4883,170
1332,111
3661,123
1584,151
5429,179
7252,153
7877,31
3292,140
3779,96
6918,71
1263,119
4361,97
3948,188
721,145
6263,136
5317,99
4619,38
3406,103
5999,118
7895,57
2671,160
3757,44
9553,79
3471,139
3098,114
9325,135
6136,7
9929,37
7080,132
7696,92
1085,102
9287,196
2793,76
4587,113
243,77
5209,6
4331,39
7221,182
5831,90
1695,24
1255,171
23,18
4877,45
8653,186
4233,147
7330,152
7996,115
1733,195
4780,198
3288,128
1520,91
7661,107
1816,42
8112,104
9762,192
437,22
8870,2
700,181
4749,194
8715,199
5599,63
604,142
5886,88
5425,109
701,121
3540,51
7004,28
5097,163
3118,156
206,25
9090,54
2597,141
5334,8
6364,134
4449,19
4306,69
4759,67
9604,36
2476,105
2339,130
2618,100
5092,183
6405,150
8756,75
1891,23
726,154
9184,122
9652,189
8156,52
6189,190
3722,116
6736,29
8226,47
7559,1
2689,9
74,64
3738,129
9964,14
2128,48
493,35
5133,59
1357,124
1523,3
1514,10
7777,70
764,27
5376,66
779,16
9043,26
4889,165
5880,149
9892,162
9166,176
8972,20
5877,33
5924,65
3888,93
6217,80
642,43
2359,74
4184,73
740,180
3434,82
3153,177
5070,106
1360,167
975,148
6665,126
6842,127
9947,13
1350,46
1766,62
9931,200
693,193
3039,98
6724,169
2337,17
6909,164
2192,72
6557,159
9473,53
1737,85
742,144
6612,86
5992,187
1995,172
6132,108
4434,83
9876,41
9813,146
1319,60
3505,117
1215,138
7261,58
2106,84
8219,56
7821,61
5631,95
1152,157
4320,81
6527,15
428,55
5728,87
1670,5
3457,143
6211,78
2285,110
1197,173
5662,12
3161,40
3561,30
2649,185
5279,161
3130,50
2685,133
5288,197
6701,168
5271,174
3113,11
7439,125
1205,68
6563,34
7498,4
1128,120
770,112
4415,175
7950,94
8880,158
9299,32
4767,137
352,184
1322,166
9228,191
8340,89
6748,155
600,21
2389,101
3027,178
7435,131
6106,49
4100,170
1846,111
3889,123
1761,151
790,179
6094,153
37,31
9132,140
2018,96
6639,71
7212,119
4234,97
6445,188
7779,145
9268,136
244,99
5237,38
3533,103
4285,118
9390,57
744,160
7837,44
9376,79
7038,139
3029,114
2565,135
1370,7
48,37
3970,132
8167,92
6373,102
5449,196
2169,76
4332,113
9479,77
8798,6
9703,39
3852,182
1673,90
2345,24
5733,171
3994,18
3390,45
8800,186
5038,147
3603,152
2882,115
3504,195
3804,198
8661,128
5126,91
3327,107
3876,42
8571,104
3971,192
2248,22
9468,2
961,181
9280,194
2916,199
9497,63
6427,142
3258,88
575,109
6839,121
6539,51
7449,28
4512,163
9309,156
3579,25
3470,54
4238,141
2986,8
3894,134
2888,19
4191,69
1016,67
7271,36
341,105
3233,130
869,100
9733,183
6717,150
4864,75
9098,23
7776,154
1190,122
2560,189
6448,52
7090,190
3243,116
6725,29
4920,47
857,1
3171,9
2027,64
8383,129
9829,14
8276,48
1100,35
5489,59
2964,124
6931,3
3306,10
3673,70
9022,27
1277,66
7290,16
58,26
7115,165
9087,149
384,162
6987,176
2914,20
9611,33
5731,65
3412,93
1456,80
1383,43
6070,74
5672,73
2717,180
5493,82
3645,177
8792,106
8544,167
2374,148
2670,126
6193,127
291,13
1483,46
5910,62
4730,200
1246,193
3381,98
1028,169
2134,17
4602,164
831,72
5511,159
7715,53
9896,85
3845,144
4294,86
5953,187
1489,172
8014,108
7589,83
625,41
8396,146
303,60
11,117
7737,138
7296,58
3986,84
7461,56
8591,61
8556,95
564,157
6767,81
7257,15
4083,55
5724,87
6633,5
8314,143
4376,78
2872,110
609,173
4752,12
333,40
3547,30
6028,185
9845,161
1092,50
54,133
1138,197
390,168
730,174
15,11
6692,125
8405,68
827,34
3112,4
9102,120
9233,112
2921,175
3222,94
8677,158
7205,32
1008,137
8191,184
4386,166
3000,191
501,89
5200,155
7381,21
3168,101
3138,178
5663,131
4295,49
3463,170
4197,111
4544,123
1797,151
941,179
1345,153
5696,31
1447,140
3142,96
8543,71
507,119
2064,97
5192,188
3752,145
1718,136
1669,99
3914,38
5816,103
4012,118
7725,57
3892,160
3237,44
793,79
9616,139
4535,114
5813,135
3934,7
8212,37
7642,132
3469,92
5397,102
9959,196
7100,76
6110,113
5928,77
278,6
5940,39
8309,182
2328,90
1588,24
711,171
5588,18
4795,45
18,186
1329,147
8718,152
6220,115
2200,195
1462,198
6745,128
2873,91
2587,107
4528,42
6529,104
1562,192
4891,22
7353,2
2812,181
1413,194
2726,199
7563,63
6185,142
9636,88
6976,109
3191,121
6937,51
8746,28
2409,163
4397,156
8337,25
5841,54
4798,141
1561,8
9114,134
6083,19
7398,69
2001,67
695,36
3831,105
40,130
2365,100
7266,183
562,150
3491,75
7605,23
1934,154
9860,122
5002,189
6295,52
5661,190
4439,116
4686,29
9659,47
4722,1
6622,9
7067,64
3226,129
3808,14
8302,48
9526,35
845,59
2175,124
8389,3
2507,10
4961,70
2131,27
3136,66
2523,16
5190,26
6281,165
111,149
7649,162
3935,176
8493,20
7890,33
7627,65
3859,93
258,80
7861,43
749,74
6172,73
5848,180
9015,82
198,177
9197,106
2263,167
946,148
1055,126
5541,127
7437,13
5793,46
1218,62
8652,200
8714,193
7675,98
3641,169
7136,17
1818,164
4090,72
8060,159
8624,53
6466,85
3923,144
2385,86
302,187
7118,172
6163,108
6684,83
9344,41
5302,146
6722,60
9870,117
3532,138
971,58
9587,84
8928,56
270,61
4161,95
6657,157
977,81
8890,15
3628,55
4150,87
7281,5
3267,143
7317,78
6814,110
771,173
275,12
3837,40
9725,30
889,185
9363,161
5943,50
4186,133
7311,197
3061,168
7496,174
5134,11
6152,125
8680,68
1674,34
3972,4
6424,120
2068,112
5894,175
6073,94
9380,158
5824,32
2368,137
9861,184
956,166
9720,191
2905,89
2692,155
7305,21
3719,101
4328,178
2954,131
3008,49
6467,170
8732,111
1035,123
1448,151
8283,179
5852,153
5627,31
7041,140
3230,96
8024,71
1731,119
7892,97
189,188
641,145
4666,136
3413,99
9815,38
9371,103
3499,118
9157,57
2935,160
1336,44
820,79
8615,139
4885,114
7383,135
5436,7
4406,37
87,132
4931,92
5353,102
5207,196
4755,76
305,113
3523,77
9149,6
2481,39
2706,182
2257,90
2697,24
155,171
6280,18
5443,45
3068,186
7279,147
1522,152
8620,115
9029,195
2512,198
9838,128
6107,91
3903,107
7684,42
8363,104
719,192
1015,22
3009,2
1250,181
6640,194
7529,199
667,63
9224,142
8964,88
1800,109
4802,121
972,51
6785,28
6922,163
7624,156
3886,25
2219,54
1116,141
6881,8
8991,134
8360,19
6948,69
5645,67
8891,36
8160,105
4558,130
9328,100
5735,183
6242,150
1339,75
9431,23
6095,154
9962,122
7159,189
1640,52
8807,190
2894,116
8169,29
6522,47
1,1
9687,9
4901,64
1196,129
3374,14
3502,48
9832,35
660,59
3729,124
8061,3
5025,10
3369,70
706,27
9270,66
9322,16
755,26
999,165
7710,149
9073,162
3302,176
6799,20
3255,33
77,65
3304,93
5246,80
4996,43
8572,74
4164,73
809,180
876,82
2664,177
3307,106
7869,167
3953,148
590,126
170,127
1730,13
8512,46
8239,62
9289,200
6731,193
2292,98
7732,169
2052,17
803,164
6583,72
4572,159
3194,53
6923,85
7517,144
7149,86
4940,187
3496,172
1080,108
6207,83
260,41
6609,146
4521,60
7606,117
1918,138
2441,58
2755,84
7191,56
1431,61
495,95
2181,157
1842,81
2765,15
873,55
1307,87
4894,5
991,143
3856,78
7692,110
3431,173
1913,12
299,40
90,30
9055,185
9701,161
5671,50
6330,133
1974,197
1414,168
1504,174
4464,11
7015,125
1603,68
7476,34
644,4
1990,120
9057,112
5635,175
5370,94
8766,158
1206,32
9444,137
4473,184
3330,166
8319,191
5869,89
8469,155
6790,21
4567,101
5734,178
7033,131
2401,49
6160,170
4575,111
7237,123
7787,151
7772,179
9746,153
4554,31
5413,140
4452,96
2850,71
7703,119
6366,97
2361,188
9438,145
7644,136
883,99
8075,38
7587,103
936,118
9221,57
4247,160
8433,44
569,79
6631,139
5849,114
7448,135
8886,7
6867,37
6506,132
8083,92
7729,102
7518,196
6898,76
2035,113
5289,77
1850,6
8177,39
997,182
6248,90
3400,24
5704,171
1394,18
3249,45
4110,186
4392,147
1120,152
1195,115
6760,195
7287,198
9889,128
3393,91
1738,107
6874,42
5795,104
1188,192
5699,22
9739,2
9004,181
3150,194
3480,199
4279,63
5102,142
1068,88
1902,109
8603,121
2678,51
8005,28
3908,163
9379,156
8623,25
1227,54
9413,141
9574,8
7298,134
4710,19
7344,69
3018,67
1513,36
8581,105
3796,130
1234,100
1929,183
6728,150
6151,75
1621,23
4127,154
2956,122
2387,189
4420,52
8645,190
9117,116
1104,29
1799,47
5654,1
2016,9
8443,64
8442,129
5308,14
7307,48
9708,35
9646,59
8110,124
9855,3
9590,10
2815,70
2996,27
2992,66
623,16
8352,26
6587,165
2198,149
6072,162
7707,176
560,20
2185,33
3165,65
6394,93
3283,80
1405,43
9831,74
3240,73
8711,180
8347,82
6390,177
1570,106
4004,167
1056,148
4624,126
7332,127
1207,13
6727,46
7982,62
4653,200
5030,193
455,98
8632,169
535,17
1434,164
7412,72
8080,159
1898,53
7272,85
9576,144
8889,86
8329,187
7949,172
4282,108
7691,83
543,41
2738,146
5122,60
2798,117
2216,138
195,58
9584,84
5585,56
7806,61
3355,95
7886,157
8398,81
7120,15
1268,55
3744,87
3742,5
5476,143
5644,78
5297,110
1770,173
4134,12
22,40
7775,30
2723,185
812,161
382,50
6605,133
6098,197
2249,168
9790,174
3588,11
2744,125
7035,68
884,34
5006,4
8605,120
3586,112
1320,175
5106,94
204,158
5870,32
6866,137
9449,184
7571,166
2404,191
2989,89
9316,155
8339,21
9954,101
6312,178
5987,131
5850,49
8537,170
1757,111
321,123
6120,151
7951,179
9094,153
1755,31
8821,140
9278,96
1834,71
1776,119
7310,97
7431,188
8741,145
8803,136
7399,99
4525,38
2575,103
2137,118
3597,57
218,160
4154,44
3110,79
511,139
4137,114
2733,135
1740,7
5424,37
5788,132
6691,92
6182,102
160,196
307,76
926,113
5231,77
7170,6
5346,39
3976,182
6258,90
9144,24
7609,171
461,18
4782,45
5188,186
4138,147
2860,152
7064,115
7196,195
4873,198
7040,128
8996,91
6617,107
8171,42
7759,104
521,192
8479,22
536,2
464,181
9995,194
9932,199
5989,63
2295,142
7958,88
8910,109
7791,121
7957,51
6293,28
7672,163
9538,156
4036,25
7436,54
8922,141
4215,8
3312,134
249,19
7070,69
8725,67
7667,36
9403,105
377,130
1786,100
2096,183
7235,150
5609,75
2205,23
5454,154
8740,122
2769,189
2704,52
4243,190
359,116
6558,29
4714,47
9622,1
748,9
3050,64
8458,129
1940,14
2343,48
8983,35
456,59
2324,124
4158,3
9471,10
2469,70
3296,27
2330,66
6397,16
5453,26
8267,165
2014,149
3901,162
56,176
6861,20
4286,33
8275,65
1444,93
4689,80
5328,43
9159,74
7919,73
5895,180
6678,82
3350,177
3788,106
8273,167
1297,148
5643,126
7995,127
3454,13
2688,46
3820,62
3213,200
7316,193
7283,98
9541,169
6553,17
9971,164
5942,72
6547,159
2025,53
4337,85
4120,144
6776,86
3615,187
1069,172
9816,108
59,83
5450,41
1739,146
176,60
5437,117
875,138
3843,58
1001,84
9378,56
4817,61
3193,95
130,157
9927,81
7898,15
1269,55
4584,87
267,5
2650,143
6155,78
1325,110
7615,173
3675,12
4263,40
7384,30
6921,185
9704,161
1204,50
6741,133
4988,197
2183,168
6421,174
5088,11
4793,125
3943,68
8206,34
6680,4
7186,120
7,112
7277,175
6596,94
6361,158
9630,32
4018,137
8331,184
7254,166
5307,191
800,89
4368,155
500,21
7669,101
1944,178
4313,131
6047,49
6503,170
7220,111
9528,123
7823,151
2836,179
6885,153
9724,31
4981,140
5248,96
3378,71
2150,119
5508,97
6887,188
813,145
7922,136
3985,99
380,38
8271,103
2133,118
2938,57
9399,160
488,44
7825,79
7770,139
1977,114
8760,135
8806,7
2797,37
4245,132
2508,92
962,102
7933,196
9806,76
8961,113
7263,77
3574,6
4835,39
9476,182
42,90
1554,24
5357,171
8658,18
2987,45
4909,186
707,147
5826,152
870,115
2978,195
1506,198
5764,128
7428,91
1038,107
3448,42
2684,104
325,192
8006,22
5360,2
7499,181
496,194
2773,199
8783,63
9524,142
6123,88
9416,109
8216,121
9164,51
5144,28
5319,163
8640,156
2993,25
5871,54
6051,141
8002,8
8353,134
6858,19
2931,69
5789,67
4211,36
3878,105
5614,130
8768,100
1048,183
4111,150
8299,75
4496,23
6336,154
1548,122
8101,189
6962,52
8371,190
393,116
2000,29
6195,47
330,1
5784,9
6334,64
8940,129
9979,14
2970,48
5792,35
2610,59
3313,124
9942,3
3438,10
3974,70
4497,27
5487,66
6321,16
1511,26
5589,165
8291,149
9710,162
9454,176
6669,20
9773,33
6975,65
2308,93
1158,80
1628,43
2327,74
5552,73
635,180
8953,82
9269,177
2331,106
7148,167
8742,148
5054,126
7000,127
8521,13
9751,46
8394,62
4621,200
5794,193
123,98
6371,169
9663,17
9192,164
6882,72
8675,159
460,53
5221,85
1306,144
6655,86
3747,187
5408,172
3144,108
821,83
6171,41
3257,146
6593,60
3248,117
6297,138
508,58
871,84
9030,56
1856,61
1423,95
129,157
2784,81
3478,15
1924,55
4837,87
1397,5
6927,143
4681,78
5739,110
5791,173
4545,12
1229,40
443,30
4613,185
8088,161
610,50
7990,133
4925,197
7313,168
68,174
7964,11
593,125
9849,68
1741,34
8841,4
3913,120
9515,112
7059,175
705,94
8528,158
7190,32
8032,137
148,184
9142,166
3305,191
8306,89
8583,155
4167,21
3199,101
9275,178
9771,131
3617,49
4948,170
1010,111
2428,123
7968,151
8858,179
1574,153
8004,31
4483,140
2898,96
5423,71
6486,119
1819,97
5034,188
6634,145
5405,136
8926,99
177,38
4672,103
6582,118
1923,57
8776,160
1614,44
8423,79
4735,139
3701,114
3035,135
363,7
4402,37
7192,132
8325,92
2653,102
8270,196
9990,76
4845,113
7358,77
1811,6
1275,39
1005,182
4683,90
9906,24
2322,171
6410,18
5251,45
3706,186
1892,147
6230,152
8419,115
3106,195
1079,198
6117,128
6188,91
8074,107
8519,42
3981,104
8421,192
8176,22
3551,2
1972,181
4746,194
2390,199
4834,63
2913,142
2950,88
7611,109
5291,121
2427,51
1298,28
4266,163
8828,156
1386,25
4930,54
7486,141
3983,8
1295,134
6277,19
7363,69
9608,67
1149,36
3730,105
3765,130
2269,100
2805,183
1084,150
548,75
9511,23
7141,154
8498,122
4812,189
8198,52
8968,190
713,116
7438,29
2808,47
4751,1
9051,9
2785,64
670,129
8057,14
8548,48
89,35
788,59
1912,124
3806,3
8426,10
9014,70
4062,27
7300,66
6658,16
6517,26
6514,165
8192,149
3705,162
4900,176
6430,20
4971,33
2045,65
1840,93
8795,80
2800,43
5506,74
8679,73
4034,180
9460,82
6965,177
153,106
1139,167
7947,148
4296,126
9358,127
3857,13
7870,46
2264,62
7635,200
3028,193
6384,98
5859,169
2358,17
922,164
5026,72
7902,159
6629,53
5803,85
5198,144
416,86
8119,187
215,172
4411,108
2930,83
4326,41
6222,146
9267,60
6059,117
7856,138
2357,58
3466,84
1493,56
2493,61
5407,95
6952,157
5736,81
426,15
7185,55
6821,87
8070,5
1920,143
6708,78
3633,110
1259,173
3987,12
7455,40
6846,30
741,185
9688,161
743,50
6483,133
7709,197
5160,168
6102,174
7552,11
7108,125
3618,68
4976,34
4969,4
3119,120
1052,112
9521,175
8447,94
745,158
7506,32
8466,137
7275,184
252,166
1034,191
9827,89
8628,155
2600,21
6602,101
3655,178
9670,131
8929,49
7602,170
5078,111
1837,123
2849,151
3947,179
852,153
5411,31
8808,140
1688,96
9846,71
8924,119
2591,97
664,188
2098,145
2835,136
9999,99
1500,38
691,103
8708,118
8962,57
2280,160
7016,44
8415,79
4758,139
2558,114
1366,135
2057,7
334,37
5375,132
5597,92
3896,102
126,196
7488,76
2605,113
2242,77
8704,6
7003,39
4373,182
3432,90
3538,24
8043,171
4459,18
395,45
7592,186
6880,147
3751,152
7985,115
2087,195
2499,198
9452,128
5373,91
8971,107
1371,42
5463,104
8473,192
2642,22
57,2
6533,181
7608,194
3462,199
1626,63
7809,142
6463,88
7250,109
7535,121
6908,51
9581,28
777,163
2261,156
4467,25
3609,54
3835,141
1013,8
44,134
7952,19
6930,69
6415,67
3382,36
2999,105
3528,130
7874,100
1762,183
7206,150
2957,75
6316,23
6181,154
4530,122
1118,189
5673,52
6345,190
6607,116
7748,29
734,47
7948,1
7282,9
4654,64
4694,129
1710,14
3616,48
6454,35
2743,59
2971,124
2846,3
9047,10
2099,70
1389,27
4414,66
5475,16
6167,26
9960,165
7555,149
2417,162
8124,176
2561,20
553,33
9256,65
9263,93
3918,80
265,43
9756,74
6591,73
8630,180
4101,82
2900,177
2710,106
6854,167
8689,148
9446,126
3508,127
5428,13
7179,46
7481,62
4050,200
8288,193
3897,98
3278,169
7367,17
1526,164
8712,72
2058,159
8896,53
819,85
8245,144
7046,86
8974,187
3377,172
3087,108
2483,83
8721,41
4339,146
8260,60
4716,117
8871,138
731,58
1775,84
394,56
4975,61
4647,95
5179,157
1605,81
9719,15
6475,55
659,87
1717,5
349,143
5863,78
7551,110
1713,173
5379,12
5970,40
3133,30
2827,185
4461,161
5055,50
7836,133
2396,197
990,168
6628,174
9992,11
6328,125
8148,68
647,34
9481,4
7943,120
351,112
6938,175
6747,94
6129,158
4495,32
3391,137
3764,184
5433,166
125,191
5426,89
4169,155
9049,21
2149,101
6905,178
8809,131
7071,49
843,170
3902,111
3924,123
4159,151
1997,179
7808,153
5802,31
8513,140
6158,96
8875,71
9949,119
6261,97
3033,188
796,145
6097,136
5978,99
4776,38
6119,103
7267,118
3352,57
8737,160
8994,44
4617,79
2581,139
6173,114
1798,135
6868,7
4804,37
6130,132
4193,92
9370,102
3539,196
2940,76
5,113
93,77
6127,6
7156,39
6419,182
2533,90
2122,24
1999,171
7904,18
9965,45
2471,186
3829,147
4594,152
422,115
4701,195
9956,198
5024,128
3363,91
8767,107
3019,42
3537,104
9745,192
9083,22
8240,2
7686,181
9621,194
3844,199
6696,63
4401,142
8478,88
5885,109
179,121
1612,51
6653,28
2934,163
894,156
7547,25
5264,54
5115,141
9075,8
7101,134
4760,19
512,69
7973,67
5286,36
739,105
4357,130
2393,100
9839,183
9912,150
88,75
891,23
2537,154
9642,122
6792,189
3093,52
2461,190
4381,116
9006,29
9216,47
2283,1
5430,9
8511,64
3236,129
9453,14
9109,48
1379,35
4765,59
7730,124
5598,3
8317,10
9181,70
9865,27
8256,66
5927,16
7577,26
3552,165
2287,149
9633,162
2288,176
3367,20
1051,33
1655,65
2360,93
9198,80
8390,43
841,74
8504,73
8214,180
4308,82
342,177
769,106
6481,167
6857,148
9514,126
9422,127
3405,13
6777,46
6479,62
6224,200
9021,193
621,98
8327,169
8502,17
5972,164
6266,72
9917,159
2967,53
1258,85
4644,144
5719,86
5210,187
3179,172
573,108
329,83
5015,41
4170,146
2658,60
5011,117
5522,138
9007,58
6942,84
8205,56
3103,61
3221,95
7174,157
7083,81
1049,15
1025,55
4342,87
1209,5
137,143
6396,78
1021,110
432,173
4418,12
1967,40
9753,30
557,185
8698,161
7042,50
1135,133
4399,197
6853,168
6641,174
9292,11
9847,125
7010,68
6369,34
7697,4
4882,120
5071,112
1440,175
1915,94
8789,158
5064,32
1604,137
4079,184
7956,166
5243,191
1426,89
8748,155
1652,21
5785,101
4485,178
3379,131
2513,49
4274,170
6145,111
2163,123
3384,151
9700,179
708,153
6523,31
9623,140
5843,96
2237,71
9799,119
9035,97
2787,188
8805,145
627,136
937,99
9485,38
4563,103
3215,118
6567,57
1899,160
9767,44
6219,79
4918,139
7451,114
4119,135
2636,7
1664,37
7991,132
9080,92
4198,102
8463,196
6216,76
3059,113
7232,77
5499,6
6817,39
9441,182
1591,90
2624,24
5533,171
5013,18
5547,45
9593,186
9676,147
8044,152
1086,115
7562,195
7745,198
7251,128
4398,91
8975,107
2646,42
7992,104
916,192
3080,22
8577,2
6876,181
4665,194
7671,199
2017,63
8341,142
5477,88
8264,109
4576,121
8885,51
8117,28
4014,163
7347,156
378,25
485,54
9899,141
8879,8
8932,134
3364,19
8508,69
967,67
4064,36
5510,105
1971,130
5998,100
8342,183
4667,150
1355,75
6077,23
1155,154
274,122
1968,189
5227,52
1914,190
6951,116
9017,29
7965,47
5934,1
1233,9
2453,64
1368,129
1772,14
6613,48
7590,35
7847,59
9681,124
17,3
6599,10
7900,70
5367,27
9842,66
823,16
3294,26
4631,165
5864,149
1452,162
9754,176
3648,20
8376,33
4633,65
86,93
3887,80
8752,43
8020,74
1634,73
3919,180
6638,82
724,177
917,106
6618,167
8294,148
3477,126
419,127
8545,13
7026,46
79,62
7640,200
8822,193
8713,98
2976,169
786,17
2549,164
4659,72
4432,159
4456,53
226,85
6121,144
3611,86
8368,187
1917,172
7941,108
9074,83
5391,41
9614,146
6594,60
2363,117
5490,138
3515,58
576,84
8901,56
4405,61
9236,95
4649,157
8163,81
1682,15
181,55
9563,87
7657,5
7095,143
8220,78
9276,110
8838,173
6606,12
4258,40
4063,30
391,185
7815,161
9988,50
5138,133
2051,197
7079,168
2465,174
8092,11
2170,125
358,68
6686,34
1459,4
4480,120
7998,112
9274,175
7460,94
5737,158
2518,32
3198,137
9104,184
2638,166
8774,191
9252,89
7790,155
241,21
5770,101
4162,178
8237,131
247,49
5191,170
8118,111
3957,123
3554,151
1706,179
5623,153
7224,31
3873,140
804,96
5726,71
9821,119
4374,97
1530,188
3512,145
7781,136
2080,99
8842,38
172,103
8522,118
2415,57
355,160
1700,44
6343,79
2112,139
6239,114
9748,135
5146,7
5921,37
6998,132
9034,92
5957,102
7429,196
9887,76
2524,113
9396,77
737,6
3822,39
5692,182
397,90
1455,24
9329,171
1024,18
3152,45
3385,186
1003,147
7503,152
4967,115
7378,195
9320,198
4270,128
1407,91
1108,107
3104,42
785,104
4791,192
6495,22
5732,2
881,181
6022,194
4094,199
7464,63
8995,142
3946,88
7820,109
9495,121
9568,51
2165,28
2546,163
3866,156
4660,25
8408,54
1814,141
9077,8
7089,134
6320,19
9419,69
7573,67
3399,36
6408,105
9500,130
2129,100
1212,183
6063,150
2224,75
653,23
7441,154
4061,122
8201,189
3746,52
3969,190
9930,116
1872,29
7150,47
6869,1
9883,9
9882,64
9032,129
1191,14
1557,48
842,35
4818,59
2143,124
8611,3
5254,10
1712,70
1763,27
9735,66
5543,16
8344,26
2189,165
6659,149
6621,162
7699,176
3277,20
8159,33
6278,65
6786,93
2675,80
168,43
4124,74
1260,73
5242,180
5471,82
120,177
844,106
911,167
2046,148
7336,126
688,127
1791,13
9009,46
9911,62
6807,200
7866,193
6800,98
5418,169
9580,17
5797,164
8634,72
7039,159
8517,53
6788,85
8413,144
1062,86
4949,187
9437,172
9512,108
7047,83
50,41
6393,146
2550,60
166,117
1326,138
1145,58
4261,84
4504,56
3082,61
1498,95
1704,157
1768,81
4338,15
2104,55
2700,87
4518,5
993,143
4874,78
9958,110
1231,173
5768,12
5821,40
4519,30
3014,185
9046,161
1701,50
7757,133
1580,197
1541,168
1732,174
7846,11
7354,125
8272,68
6492,34
3261,4
7474,120
552,112
6751,175
3595,94
3141,158
8667,32
4643,137
525,184
4846,166
6128,191
2691,89
6174,155
8132,21
9190,101
3596,178
6147,131
3149,49
9210,170
7915,111
5387,123
4986,151
4218,179
672,153
1480,31
227,140
3801,96
7633,71
5918,119
5760,97
807,188
4344,145
6460,136
4039,99
3940,38
5916,103
4591,118
1544,57
6024,160
4257,44
5566,79
3007,139
3445,114
6536,135
327,7
2452,37
3124,132
2422,92
5496,102
9474,196
6541,76
4515,113
1484,77
8386,6
2602,39
4239,182
6404,90
8336,24
702,171
6065,18
5310,45
3269,186
2952,147
4573,152
2470,115
7742,195
9171,198
2593,128
3810,91
2289,107
5715,42
578,104
1820,192
9828,22
6305,2
1660,181
9347,194
8518,199
5772,63
5141,142
2355,88
8621,109
5252,121
5531,51
4130,28
9715,163
585,156
1126,25
2072,54
963,141
4620,8
2751,134
1130,19
3276,69
5446,67
5621,36
8488,105
8673,130
6916,100
2842,183
1545,150
2011,75
6349,23
3442,154
2207,122
5629,189
6071,52
9904,190
2742,116
811,29
3323,47
704,1
572,9
439,64
9105,129
6465,14
2779,48
7907,35
5946,59
6766,124
3830,3
4568,10
2167,70
9594,27
5031,66
2278,16
6108,26
759,165
595,149
9183,162
5716,176
7020,20
2651,33
3062,65
9937,93
1922,80
5027,43
3657,74
2619,73
5612,180
5228,82
5017,177
109,106
5929,167
7027,148
7758,126
5620,127
2407,13
7528,46
570,62
9698,200
5293,193
6832,98
3927,169
9639,17
5757,164
8135,72
5338,159
8646,53
8456,85
8836,144
9244,86
2864,187
1066,172
1961,108
4019,83
9124,41
5901,146
8486,60
752,117
1787,138
8716,58
7981,84
9898,56
5235,61
8979,95
3417,157
370,81
9909,15
1802,55
3613,87
445,5
629,143
2883,78
5669,110
8011,173
5994,12
6635,40
3507,30
3623,185
6407,161
4097,50
347,133
4914,197
8914,168
3003,174
3777,11
4801,125
31,68
2877,34
5213,4
1146,120
8831,112
4084,175
9426,94
7533,158
7373,32
2505,137
6137,184
7214,166
6826,191
5257,89
2804,155
7578,21
8650,101
1926,178
4487,131
2456,49
8985,170
7318,111
931,123
32,151
2491,179
7568,153
1759,31
8350,140
3427,96
6802,71
3875,119
7416,97
7929,188
1273,145
7632,136
736,99
5983,38
856,103
3568,118
2660,57
3686,160
8496,44
7299,79
7728,139
3842,114
9176,135
1742,7
2936,37
354,132
211,92
8846,102
7171,196
6939,76
5233,113
634,77
1690,6
3265,39
5166,182
4636,90
6180,24
3458,171
237,18
371,45
4761,186
4677,147
7143,152
8407,115
9349,195
1002,198
6844,128
1136,91
346,107
5132,42
8228,104
3710,192
8992,22
1276,2
4728,181
3395,194
8813,199
9101,63
6796,142
9647,88
6991,109
9178,121
4881,51
29,28
67,163
5961,156
3604,25
7845,54
8037,141
1364,8
6401,134
9841,19
6388,69
4757,67
6356,36
9721,105
3368,130
872,100
3234,183
6940,150
7286,75
3231,23
4536,154
8136,122
5314,189
2683,52
947,190
1132,116
9643,29
3651,47
9747,1
2582,9
8777,64
9217,129
8448,14
7544,48
8221,35
306,59
547,124
7322,3
9766,10
6187,70
7938,27
141,66
9631,16
7942,26
3571,165
183,149
2184,162
8541,176
7639,20
9039,33
6357,65
8982,93
4684,80
4246,43
4842,74
7126,73
7030,180
4325,82
9160,177
2075,106
617,167
3643,148
6702,126
6052,127
6223,13
4271,46
5550,62
6950,200
3170,193
499,98
8952,169
13,17
799,164
2121,72
5327,159
1026,53
5583,85
8833,144
1644,86
4945,187
8854,172
3051,108
5938,83
3899,41
8662,146
9321,60
3827,117
5420,138
2180,58
2504,84
8139,56
2711,61
7189,95
6588,157
2724,81
5344,15
7579,55
3917,87
6092,5
710,143
4866,78
3680,110
1470,173
5840,12
188,40
3366,30
6685,185
80,161
1951,50
5341,133
6801,197
2294,168
8150,174
2716,11
4712,125
2076,68
2757,34
8223,4
9169,120
6581,112
7812,175
9858,94
8597,158
6671,32
4499,137
1243,184
9394,166
1875,191
6294,89
3010,155
4237,21
7932,101
7607,178
301,131
8958,49
61,170
8285,111
6337,123
2127,151
7916,179
9148,153
5782,31
1746,140
9342,96
7739,71
832,119
4015,97
8039,188
9187,145
191,136
9624,99
4902,38
8925,103
1885,118
5526,57
4979,160
9950,44
2948,79
3795,139
4646,114
5607,135
9243,7
7857,37
3392,132
6228,92
2232,102
2329,196
1666,76
2701,113
7339,77
3501,6
4298,39
5685,182
1166,90
2837,24
643,171
1443,18
5976,45
599,186
7717,147
9231,152
7303,115
6433,195
7524,198
401,128
3091,91
6667,107
3754,42
6501,104
656,192
287,22
5447,2
1348,181
7051,194
1162,199
2959,63
7320,142
2116,88
8775,109
516,121
8249,51
6215,28
9967,163
3524,156
9557,25
1367,54
2611,141
3737,8
3750,134
2985,19
8509,69
6178,67
2311,36
2968,105
3263,130
4946,100
4148,183
913,150
6344,75
6721,23
5156,154
9343,122
687,189
5356,52
3555,190
4570,116
5574,29
7364,47
5625,1
7658,9
4922,64
7099,129
2555,14
7256,48
6511,35
1235,59
539,124
7058,3
3498,10
1964,70
9486,27
4383,66
3016,16
1041,26
6815,165
3416,149
6957,162
6693,176
3049,20
6993,33
678,65
8335,93
3346,80
3775,43
9981,74
9126,73
2462,180
64,82
2213,177
5977,106
5883,167
7259,148
7835,126
5729,127
7155,13
3877,46
1401,62
5151,200
7541,193
4571,98
8003,169
2994,17
2517,164
2342,72
6244,159
8865,53
4542,85
5608,144
1728,86
1022,187
2761,172
2305,108
9240,83
3696,41
2227,146
7977,60
5306,117
4264,138
7002,58
1865,84
8510,56
4115,61
6133,95
4507,157
9219,81
3354,15
7392,55
3955,87
1709,5
3695,143
1349,78
6035,110
5145,173
5103,12
5396,40
3654,30
6694,185
7018,161
6715,50
628,133
1340,197
6489,168
9382,174
5777,11
9415,125
918,68
6201,34
6716,4
7539,120
3516,112
8785,175
410,94
4547,158
1287,32
3632,137
8921,184
728,166
538,191
2466,89
1796,155
2432,21
8332,101
4640,178
2424,131
263,49
5269,170
3823,111
806,123
4637,151
4078,179
3802,153
1578,31
1639,140
3195,96
7153,71
2307,119
5400,97
9567,188
221,145
95,136
8551,99
8853,38
2079,103
4597,118
9863,57
4445,160
7483,44
3101,79
4000,139
1633,114
3629,135
7327,7
8155,37
2366,132
8614,92
8464,102
8655,196
1112,76
7612,113
6865,77
6355,6
7746,39
8059,182
9085,90
2963,24
8120,171
4030,18
2903,45
1171,186
8182,147
8107,152
7962,115
6889,195
4703,198
8589,128
2543,91
4679,107
6199,42
2370,104
7831,192
723,22
7674,2
2657,181
9129,194
2672,199
1303,63
802,142
9603,88
579,109
7681,121
4369,51
9305,28
1782,163
8697,156
9498,25
6076,54
3756,141
8194,8
7980,134
8770,19
9360,69
8984,67
1442,36
9247,105
6847,130
182,100
2663,183
3322,150
55,75
5640,23
3942,154
4599,122
4268,189
6966,52
7462,190
7315,116
1676,29
2615,47
986,1
3415,9
7487,64
4769,129
6781,14
8217,48
781,35
9185,59
8400,124
2194,3
4352,10
638,70
4964,27
145,66
230,16
2172,26
648,165
5515,149
6646,162
5465,176
2566,20
5358,33
7626,65
1385,93
5513,80
549,43
2844,74
4898,73
7152,180
5007,82
2648,177
3485,106
4224,167
7876,148
1433,126
3929,127
3287,13
3308,46
1662,62
3718,200
4853,193
3403,98
3646,169
3032,17
3225,164
3670,72
7894,159
8280,53
8485,85
6125,144
9648,86
666,187
9205,172
9123,108
5569,83
7466,41
7043,146
8727,60
9019,117
8490,138
1203,58
5905,84
7581,56
7164,61
6852,95
5738,157
3021,81
5800,15
1177,55
304,87
1144,5
6798,143
9310,78
124,110
5451,173
2908,12
5206,40
1689,30
1129,185
5593,161
7797,50
9303,133
4016,197
4958,168
9840,174
200,11
7454,125
8453,68
4708,34
6084,4
9167,120
7165,112
9215,175
1525,94
9478,158
76,32
2377,137
3452,184
8850,166
7833,191
8729,89
5256,155
3759,21
4044,101
3439,178
192,131
2972,49
392,170
9836,111
5912,123
6530,151
8168,179
504,153
5651,31
1648,140
3022,96
9297,71
264,119
4223,97
7583,188
431,145
1602,136
9692,99
935,38
9914,103
6963,118
3625,57
1335,160
4691,44
899,79
8876,139
703,114
7166,135
7721,7
5822,37
5150,132
3078,92
1140,102
5480,196
3426,76
3146,113
5680,77
7520,6
9895,39
5656,182
5214,90
3123,24
9223,171
2830,18
5604,45
8576,186
7355,147
6982,152
4734,115
332,195
9726,198
4747,128
5740,91
1994,107
7767,42
2253,104
5277,192
3874,22
5954,2
271,181
7217,194
1600,199
2746,63
9199,142
8894,88
9591,109
4165,121
6041,51
4417,28
2915,163
7619,156
6579,25
9103,54
5652,141
8763,8
4858,134
7260,19
9923,69
7176,67
9653,36
3410,105
5086,130
3905,100
5937,183
2279,150
6704,75
5067,23
1681,154
3411,122
146,189
3320,52
4826,190
117,116
7034,29
3853,47
7638,1
5996,9
9617,64
115,129
8359,14
1037,48
9383,35
8834,59
6104,124
4022,3
9326,10
9100,70
4123,27
2783,66
9296,16
8290,26
6008,165
5981,149
4529,162
7702,176
3206,20
7970,33
2927,65
1658,93
5147,80
1571,43
9111,74
7921,73
4627,180
9081,82
4387,177
9900,106
9619,167
5492,148
6237,126
4273,127
5120,13
7920,46
1186,62
5033,200
7419,193
1497,98
8296,169
9079,17
9128,164
2241,72
199,159
1894,53
2158,85
5466,144
7716,86
5774,187
7719,172
7625,108
2314,83
3447,41
2003,146
3664,60
6019,117
5044,138
4632,58
9284,84
9078,56
6482,61
9592,95
2920,157
6322,81
9119,15
7798,55
2559,87
9718,5
969,143
1607,78
8321,110
1725,173
3408,12
904,40
8091,30
4849,185
1354,161
4011,50
6928,133
7974,197
4655,168
8180,174
6687,11
867,125
503,68
9018,34
5866,4
4489,120
7247,112
5083,175
470,94
7302,158
425,32
2282,137
1722,184
4690,166
4053,191
5040,89
4440,155
9800,21
9302,101
5649,178
6816,131
5982,49
534,170
1568,111
3711,123
2608,151
6413,179
6878,153
2321,31
4692,140
6292,96
7597,71
8113,119
7049,97
429,188
5903,145
4024,136
2177,99
6897,38
9061,103
3610,118
4766,57
4181,160
2460,44
8554,79
8569,139
4738,114
5536,135
4220,7
4707,37
5557,132
2222,92
2478,102
3388,196
1193,76
3011,113
9125,77
4648,6
4851,39
2522,182
5263,90
5211,24
3404,171
3013,18
6973,45
3881,186
8772,147
5861,152
1030,115
4904,195
3781,198
4718,128
6088,91
4453,107
1563,42
7859,104
4057,192
6752,22
9133,2
6256,181
5483,194
6598,199
9893,63
9108,142
3332,88
4524,109
256,121
3407,51
3653,28
1159,163
9414,156
281,25
3786,54
8936,141
7180,8
2157,134
7362,19
1240,69
2806,67
8053,36
9179,105
143,130
9730,100
4366,183
7536,150
4492,75
3800,23
4493,154
4354,122
7851,189
5402,52
6706,190
9921,116
1949,29
4213,47
4805,1
5331,9
3201,64
915,129
5933,14
3094,48
2125,35
5920,59
1033,124
6114,3
6723,10
1074,70
9966,27
7288,66
620,16
1059,26
9234,165
906,149
3239,162
5062,176
2865,20
968,33
3394,65
2031,93
9357,80
4756,43
8209,74
2147,73
3517,180
9092,82
4069,177
9076,106
2077,167
7387,148
261,126
7147,127
1821,13
3681,46
2467,62
344,200
7167,193
2847,98
6036,169
1694,17
457,164
3807,72
1161,159
1547,53
2531,85
4142,144
5162,86
7370,187
1930,172
2506,108
7137,83
150,41
6544,146
4539,60
3060,117
1724,138
8440,58
8705,84
4823,56
4200,61
5462,95
8761,157
9560,81
2734,15
4932,55
6141,87
5600,5
1615,143
3167,78
451,110
9665,173
1169,12
8451,40
5504,30
1610,185
3819,161
1472,50
8688,133
2579,197
8056,168
6636,174
6260,11
6532,125
1969,68
8506,34
4378,4
7273,120
5820,112
6703,175
5109,94
7087,158
6367,32
6540,137
8692,184
6651,166
2778,191
8382,89
2203,155
7094,21
5752,101
6308,178
8997,131
4126,49
1783,170
613,111
7054,123
8978,151
7701,179
9182,153
8031,31
3849,140
940,96
3311,71
4118,119
402,97
1841,188
3647,145
8439,136
8435,99
2026,38
9741,103
6660,118
3343,57
2721,160
6235,44
2405,79
8033,139
4139,114
1864,135
2756,7
1427,37
6365,132
864,92
8438,102
6662,196
9037,76
3293,113
4792,77
7119,6
2081,39
1617,182
622,90
4550,24
853,171
7173,18
4179,45
3770,186
3375,147
1517,152
1408,115
7210,195
8818,198
9435,128
9364,91
5085,107
1105,42
5169,104
8857,192
559,22
9470,2
2065,181
2013,194
2945,199
1750,63
7623,142
3599,88
7138,109
9196,121
6895,51
6387,28
2655,163
8397,156
8461,25
4741,54
4156,141
2562,8
9339,134
6471,19
1855,69
1286,67
7953,36
2794,105
8121,130
8824,100
9755,183
8122,150
6830,75
3449,23
7601,154
9723,122
1121,189
4532,52
279,190
5605,116
1653,29
8769,47
6849,1
9095,9
4610,64
5698,129
6144,14
7830,48
9664,35
8588,59
4073,124
4815,3
1201,10
5814,70
6210,27
3699,66
2217,16
9455,26
4788,165
4601,149
3778,162
4764,176
5222,20
2487,33
6941,65
9598,93
4608,80
3229,43
3723,74
3446,73
4704,180
2590,82
6851,177
5748,106
7924,167
6232,148
5253,126
8010,127
2984,13
2188,46
3956,62
9401,200
7510,193
4089,98
6654,169
1826,17
6920,164
6855,72
178,159
4379,53
7022,85
3266,144
9530,86
4047,187
5491,172
163,108
1642,83
3135,41
860,146
4713,60
1503,117
7073,138
866,58
8086,84
5372,56
738,61
4214,95
5535,157
7509,81
5287,15
7654,55
5857,87
5121,5
4318,143
5178,78
318,110
4822,173
6548,12
9241,40
3043,30
4650,185
1942,161
9522,50
2699,133
518,197
328,168
1245,174
3358,11
3076,125
5514,68
7975,34
5467,4
1965,120
7181,112
7480,175
1359,94
5056,158
6300,32
9531,137
4136,184
1836,166
2563,191
9699,89
2906,155
5500,21
2199,101
1173,178
7664,131
5422,49
6712,170
6568,111
4345,123
995,151
1045,179
4067,153
7511,31
5479,140
5326,96
7050,71
1632,119
810,97
8482,188
838,145
6554,136
128,99
1023,38
6985,103
6809,118
4941,57
7680,160
6756,44
3190,79
3371,139
5665,114
675,135
8278,7
3453,37
8532,132
7077,92
8375,102
7241,196
7357,76
7841,113
7734,77
9605,6
6101,39
5482,182
3348,90
8076,24
8233,171
1896,18
3542,45
193,186
805,147
5137,152
28,115
6450,195
5742,198
5525,128
5747,91
4928,107
7045,42
1683,104
2463,192
836,22
5549,2
7122,181
1794,194
7376,199
2012,63
3436,142
4474,88
4641,109
3067,121
6162,51
7799,28
10,163
5756,156
6980,25
6779,54
1102,141
6191,8
2828,134
9465,19
2833,69
2979,67
6538,36
9782,105
1719,130
5075,100
9835,183
7172,150
3437,75
7519,23
6872,154
3066,122
1076,189
8539,52
1474,190
2576,116
6040,29
8917,47
2412,1
6637,9
2707,64
4192,129
175,14
1594,48
1404,35
3638,59
7711,124
7930,3
1659,10
3484,70
7966,27
6900,66
9953,16
7497,26
3715,165
268,149
1756,162
2933,176
9324,20
8966,33
2168,65
3912,93
5238,80
8574,43
6350,74
8960,73
7652,180
618,82
6804,177
7704,106
3774,167
5074,148
3760,126
2503,127
12,13
2053,46
5966,62
8069,200
7722,193
9791,98
6354,169
3272,17
9425,164
5911,72
4664,159
1871,53
1928,85
6169,144
9266,86
3107,187
1880,172
3733,108
8365,83
9963,41
6502,146
6597,60
9671,117
3761,138
5830,58
1380,84
1707,56
8977,61
9759,95
6113,157
1075,81
973,15
3421,55
3529,87
8094,5
7198,143
2728,78
6600,110
4557,173
762,12
4843,40
874,30
1280,185
1374,161
9788,50
472,133
7422,197
5281,168
5628,174
8534,11
9571,125
886,68
9229,34
5280,4
9194,120
2737,112
5556,175
433,94
2709,158
640,32
1512,137
3422,184
2616,166
2612,191
5616,89
4638,155
902,21
8722,101
1358,178
2802,131
1117,49
4491,170
3814,111
8893,123
2631,151
8959,179
4510,153
63,31
7216,140
3063,96
9640,71
9312,119
582,97
1858,188
3993,145
9566,136
7081,99
9582,38
205,103
8254,118
2774,57
4052,160
6351,44
5219,79
1635,139
5324,114
6787,135
3241,7
7107,37
9549,132
144,92
8664,102
5043,196
3717,76
6487,113
4085,77
6116,6
1933,39
533,182
551,90
4314,24
9757,171
6983,18
5182,45
6271,186
7264,147
2323,152
2878,115
3187,195
1184,198
4289,128
9600,91
1449,107
9172,42
1000,104
5564,192
2861,22
2530,2
6221,181
2946,194
4678,199
2196,63
633,142
2020,88
3370,109
9033,121
5949,51
1090,28
441,163
9793,156
3047,25
718,54
7423,141
5460,8
3503,134
9150,19
3531,69
6376,67
5778,36
1675,105
4966,130
9496,100
4890,183
8300,150
3700,75
4058,23
8733,154
2586,122
7036,189
8747,52
9346,190
5095,116
3937,29
8942,47
3295,1
7961,9
7650,64
1564,129
1943,14
1141,48
6264,35
6209,59
4256,124
8262,3
9448,10
550,70
9488,27
5985,66
8684,16
8265,26
5701,165
8196,149
8292,162
7308,176
9519,20
9740,33
2662,65
320,93
3134,80
337,43
2136,74
715,73
9588,180
3389,82
3290,177
2162,106
2108,167
1663,148
9933,126
5580,127
3298,13
6184,46
1089,62
5343,200
316,193
5563,98
1596,169
9232,17
9054,164
1937,72
5149,159
7905,53
9994,85
3273,144
6276,86
6179,187
9573,172
7888,108
6429,83
7850,41
3443,146
6695,60
6824,117
7324,138
7005,58
4857,84
2617,56
2745,61
5773,95
4173,157
1469,81
6153,15
3096,55
8540,87
8607,5
5313,143
3228,78
8923,110
7230,173
6999,12
5553,40
5838,30
1058,185
5763,161
9042,50
1590,133
1309,197
7753,168
6818,174
8066,11
7844,125
1131,68
7794,34
3344,4
2596,120
5048,112
1344,175
7445,94
1507,158
9972,32
756,137
473,184
9884,166
1317,191
2960,89
6955,155
2809,21
5298,101
1461,178
950,131
7372,49
9824,170
7927,111
2604,123
3200,151
2350,179
4146,153
8998,31
7393,140
3624,96
6229,71
3702,119
3671,97
4330,188
9938,145
8575,136
7660,99
6624,38
7736,103
2155,118
8844,57
6279,160
4319,44
5154,79
5891,139
6200,114
7337,135
8793,7
5118,37
1948,132
6175,92
2182,102
3398,196
4911,76
6009,113
567,77
8175,6
3982,39
4231,182
3904,90
1760,24
8312,171
6508,18
5767,45
3209,186
8691,147
2354,152
9765,115
3284,195
4187,198
2997,128
8676,91
1237,107
1832,42
3932,104
234,192
2502,22
1962,2
3642,181
2542,194
4431,199
2231,63
2351,142
9163,88
2884,109
3771,121
3543,51
646,28
9097,163
7075,156
5601,25
1174,54
9397,141
637,8
8765,134
697,19
4471,69
9065,67
1982,36
1806,105
2588,130
4131,100
3824,183
9907,150
5876,75
4025,23
5858,154
4970,122
7335,189
8873,52
8819,190
1067,116
7351,29
6504,47
1088,1
2161,9
5068,64
5941,129
9977,14
6552,48
8152,35
8869,59
8046,124
6589,3
3553,10
66,70
9130,27
3564,66
3851,16
528,26
8252,165
3500,149
943,162
2443,176
7795,20
9417,33
45,65
1936,93
8561,80
4023,43
1585,74
5879,73
9781,180
1657,82
152,177
1698,106
9121,167
7129,148
5587,126
8261,127
9826,13
7647,46
1238,62
7154,200
6668,193
453,98
4371,169
6493,17
833,164
9989,72
1576,159
469,53
1362,85
5868,144
8467,86
9696,187
4442,172
8230,108
2918,83
9386,41
2201,146
3242,60
4803,117
14,138
7502,58
9638,84
8234,56
2437,61
2712,95
5098,157
5907,81
3173,15
6901,55
1735,87
2225,5
478,143
4590,78
7479,110
834,173
4501,12
2682,40
8629,30
9794,185
7689,161
420,50
1183,133
6890,197
4424,168
3070,174
7201,11
3817,125
1586,68
5438,34
9695,4
4226,120
8432,112
9935,175
8755,94
3137,158
2050,32
2400,137
1253,184
9651,166
1515,191
1232,89
7706,155
1267,21
5444,101
52,178
5807,131
4777,49
9983,170
5016,111
4923,123
2186,151
5930,179
1163,153
8617,31
8022,140
6432,96
5294,71
8042,119
5659,97
5702,188
3111,145
7008,136
1451,99
3143,38
5301,103
2598,118
9885,57
9505,160
8916,44
4336,79
9027,139
3854,114
7082,135
9881,7
4393,37
7629,132
3683,92
2816,102
8743,196
165,76
7227,113
8316,77
3622,6
4943,39
2375,182
7375,90
9957,24
5633,171
5596,18
1027,45
283,186
9941,147
526,152
8764,115
4605,195
2947,198
8835,128
1313,91
5201,107
729,42
4068,104
6614,192
1424,22
5296,2
3728,181
3476,194
6913,199
8627,63
9706,142
8103,88
1257,109
531,121
8402,51
1471,28
4229,163
9443,156
1194,25
9890,54
108,141
7814,8
2500,134
8431,19
4072,69
8699,67
3145,36
7653,105
4075,130
3160,100
1485,183
8598,150
965,75
2848,23
4811,154
1265,122
2144,189
7750,52
4335,190
822,116
3268,29
849,47
9365,1
9151,9
2388,64
4082,129
5216,14
1998,48
3414,35
3996,59
8552,124
3598,3
8286,10
3855,70
4663,27
2820,66
458,16
7782,26
5036,165
2010,149
2995,162
3309,176
6742,20
2239,33
3281,65
9854,93
2613,80
3792,43
4013,74
2008,73
5014,180
9068,82
8606,177
2193,106
9602,167
2925,148
7800,126
9763,127
7434,13
3488,46
7151,62
315,200
3867,193
7096,98
5986,169
8131,17
7009,164
3315,72
6093,159
5811,53
989,85
6626,144
4921,86
7424,187
4960,172
7901,108
8613,83
6079,41
8133,146
8594,60
6610,117
9796,138
6378,58
2408,84
2238,56
5571,61
9288,95
1646,157
5518,81
6078,15
6526,55
3520,87
964,5
5765,143
4974,78
6038,110
8128,173
1882,12
4657,40
8986,30
9131,185
763,161
1886,50
3620,133
2290,197
775,168
7718,174
5223,11
7928,125
9691,68
2498,34
9281,4
7084,120
8018,112
2630,175
7906,94
4997,158
8507,32
5799,137
7404,184
8638,166
1087,191
9173,89
5079,155
7708,21
984,101
5229,178
157,131
2534,49
4091,170
5452,111
6570,123
6331,151
7726,179
5741,153
2858,31
225,140
4561,96
4863,71
7021,119
8533,97
6945,188
8257,145
3794,136
669,99
2645,38
6363,103
7341,118
8867,57
2766,160
7883,44
8957,79
8211,139
4017,114
5980,135
6850,7
4183,37
5576,132
7401,92
924,102
4634,196
7501,76
3678,113
2259,77
2641,6
9381,39
3920,182
1110,90
3211,24
5368,171
1412,18
761,45
2021,186
8687,147
9153,152
5825,115
8298,195
3999,198
8229,128
5823,91
3663,107
9551,42
8028,104
8462,192
36,22
2028,2
427,181
6971,194
2679,199
4446,63
3832,142
6784,88
9509,109
651,121
3691,51
7225,28
277,163
8657,156
2875,25
8516,54
996,141
5189,8
6755,134
7371,19
1542,69
1219,67
4316,36
1611,105
5711,130
5926,100
9705,183
2391,150
1835,75
8232,23
6313,154
8649,122
194,189
3045,52
5001,190
8902,116
7238,29
219,47
7523,1
1838,9
9461,64
8227,129
1677,14
1415,48
9789,35
8026,59
5682,124
3959,3
4827,10
3704,70
5781,27
446,66
8246,16
9918,26
2380,165
5330,149
7011,162
3423,176
5512,20
4269,33
5390,65
7599,93
3941,80
3961,43
1831,74
8424,73
4658,180
5342,82
7234,177
3871,106
3054,167
7222,148
7864,126
7057,127
2573,13
6335,46
9649,62
3569,200
5993,193
2244,98
5125,169
6416,17
658,164
21,72
6269,159
9578,53
6431,85
3192,144
8078,86
8100,187
8399,172
7537,108
3339,83
7405,41
5534,146
4668,60
901,117
7019,138
438,58
4833,84
1189,56
6011,61
6234,95
1769,157
2042,81
4729,15
5913,55
8183,87
2210,5
4871,143
7194,78
1656,110
8782,173
5548,12
2856,40
9618,30
6820,185
8025,161
8465,50
733,133
1984,197
300,168
5455,174
361,11
8157,125
1356,68
3114,34
6524,4
8416,120
9685,112
169,175
8098,94
7007,158
753,32
2492,137
1168,184
4262,166
3246,191
7056,89
1823,155
8178,21
4074,101
8284,178
4141,131
3065,49
220,170
1957,111
6166,123
257,151
203,179
9191,153
313,31
9683,140
2114,96
3518,71
6894,119
404,97
5244,188
5896,145
6399,136
140,99
9891,38
4008,103
5049,118
2335,57
9926,160
1978,44
6992,79
3465,139
513,114
4614,135
1575,7
9850,37
1888,132
3073,92
5045,102
4603,196
4322,76
8145,113
6306,77
7908,6
4347,39
2004,182
3727,90
8654,24
365,171
8827,18
4102,45
581,186
292,147
6327,152
5041,115
2109,195
5442,198
4353,128
1032,91
4972,107
4437,42
400,104
2140,192
8251,22
5470,2
494,181
9145,194
6758,199
1411,63
9786,142
7621,88
8338,109
6259,121
6512,51
3815,28
5939,163
4548,156
1777,25
6060,54
5798,141
9948,8
254,134
5718,19
4121,69
8542,67
7356,36
4481,105
9925,130
4768,100
1127,183
4869,150
5340,75
399,23
8151,154
1887,122
6434,189
7472,52
2250,190
5020,116
2286,29
448,47
2526,1
4586,9
2336,64
2863,129
3694,14
2862,48
2780,35
9000,59
2119,124
4225,3
8012,10
75,70
614,27
4836,66
5829,16
4879,26
3965,165
9792,149
8565,162
6974,176
9283,20
6273,33
6735,65
2790,93
6710,80
8082,43
8401,74
4292,73
4720,180
9063,82
4202,177
2482,106
6333,167
8790,148
8393,126
2260,127
4753,13
9464,46
3129,62
8845,200
5546,193
248,98
7408,169
3839,17
3584,164
207,72
5606,159
4116,53
8322,85
6332,144
9462,86
5153,187
6663,172
6451,108
3549,83
6118,41
4696,146
1063,60
8243,117
7897,138
6091,58
3218,84
4341,56
3563,61
413,95
6649,157
3092,81
9409,15
34,55
5366,87
4077,5
4872,143
2782,78
4488,110
7291,173
4814,12
2752,40
1877,30
4275,185
3916,161
2603,50
1160,133
9494,197
4888,168
5862,174
2398,11
1932,125
6778,68
1890,34
319,4
8351,120
3536,112
6518,175
4838,94
5517,158
5707,32
2516,137
4697,184
7508,166
3158,191
4423,89
9656,155
3467,21
676,101
7411,178
8848,131
2060,49
8050,170
171,111
4055,123
1453,151
9059,179
2551,153
3649,31
815,140
6214,96
4662,71
3397,119
577,97
5666,188
2095,145
979,136
5124,99
5502,38
1473,103
484,118
8734,57
1097,160
654,44
2567,79
639,139
85,114
7634,135
4698,7
2426,37
6871,132
8956,92
3951,102
3519,196
948,76
5203,113
3486,77
310,6
1573,39
7630,182
5309,90
8313,24
9875,171
9307,18
895,45
612,186
6806,147
3707,152
7397,115
835,195
7328,198
1487,128
994,91
789,107
364,42
8114,104
6480,192
3780,22
4702,2
8825,181
1393,194
7187,199
1715,63
1537,142
1860,88
9222,109
2340,121
1044,51
8796,28
3812,163
5932,156
7188,25
2583,54
3527,141
7569,8
6453,134
7668,19
1416,69
2475,67
8377,36
376,105
5646,130
2538,100
837,183
8939,150
116,75
7735,23
4349,154
7756,122
2869,189
4555,52
9877,190
231,116
1398,29
3329,47
1587,1
8514,9
3177,64
2395,129
6707,14
9118,48
4860,35
8710,59
1803,124
9758,3
6021,10
6644,70
5648,27
9797,66
2870,16
4413,26
5094,165
5218,149
7006,162
3522,176
3709,20
1494,33
1047,65
9596,93
6370,80
8090,43
1376,74
2879,73
3102,180
7076,82
1137,177
9527,106
3863,167
4217,148
1906,126
1531,127
6342,13
6177,46
9535,62
9660,200
7620,193
1247,98
7804,169
958,17
5544,164
276,72
6452,159
7223,53
522,85
3220,144
3176,86
8524,187
7044,172
5417,108
1300,83
33,41
1904,146
2574,60
3006,117
9011,138
6877,58
2607,84
5239,56
3763,61
8566,95
8455,157
4706,81
4652,15
677,55
4081,87
9116,5
3833,143
8213,78
4477,110
3689,173
8868,12
8830,40
2214,30
3721,185
2105,161
6519,50
6126,133
4862,197
138,168
6515,174
5335,11
8780,125
5923,68
2795,34
5710,4
4875,120
5922,112
3376,175
2176,94
480,158
4404,32
1114,137
6873,184
6491,166
5975,191
2223,89
9201,155
6164,21
3238,101
9961,178
4854,131
3387,49
9764,170
4809,111
317,123
9805,151
5481,179
6286,153
8639,31
70,140
9852,96
725,71
7713,119
1870,97
5172,188
345,145
7585,136
9712,99
1429,38
82,103
5431,118
5962,57
1446,160
3506,44
4370,79
5292,139
2881,114
3590,135
1224,7
8414,37
3601,132
3577,92
6888,102
1281,196
6819,76
4240,113
6912,77
1241,6
2124,39
3418,182
6803,90
3441,24
8130,171
7301,18
7236,45
9298,186
1492,147
7213,152
9554,115
5108,195
4241,198
9238,128
7565,91
9220,107
7086,42
4394,104
2501,192
1647,22
9368,2
2277,181
41,194
7495,199
7670,63
114,142
8648,88
8935,109
8420,121
2332,51
3282,28
7340,163
584,156
9775,25
8279,54
5749,141
5670,8
9060,134
592,19
5272,69
1903,67
5230,36
3396,105
7133,130
5427,100
2577,183
9072,150
6122,75
2226,23
9450,154
5100,122
3949,189
3090,52
1790,190
4998,116
7426,29
3964,47
5997,1
7012,9
4799,64
5458,129
98,14
449,48
2730,35
1478,59
9523,124
7994,3
5258,10
5359,70
5532,27
9851,66
3510,16
1805,26
2438,165
2479,149
7663,162
452,176
541,20
6368,33
5029,65
3791,93
9020,80
3210,43
848,74
6377,73
2159,180
2497,82
9675,177
2347,106
9377,167
3991,148
4304,126
4443,127
6780,13
3637,46
9110,62
8987,200
9857,193
3911,98
9147,169
2811,17
2889,164
2367,72
6664,159
4559,53
9411,85
7534,144
9760,86
1392,187
7348,172
8604,108
519,83
3893,41
1109,146
8129,60
6156,117
1916,138
1830,58
6972,84
4232,56
5995,61
5069,95
3668,157
4553,81
223,15
9251,55
9504,87
51,5
9934,143
107,78
824,110
3687,173
6208,12
5183,40
8089,30
6194,185
6943,161
4472,50
3809,133
386,197
5915,168
7665,174
4600,11
7386,125
6067,68
4987,34
1752,4
8164,120
4087,112
9428,175
5761,94
7432,158
6590,32
2720,137
4582,184
4831,166
8976,191
9543,89
6472,155
2851,21
7253,101
2942,178
1192,131
7284,49
2156,170
7295,111
7858,123
9265,151
1181,179
8459,153
190,31
5693,140
1430,96
976,71
4794,119
7389,97
6310,188
1125,145
9820,136
6770,99
8866,38
6439,103
6899,118
1226,57
9778,160
9407,44
4754,79
565,139
134,114
8277,135
3708,7
5072,37
398,132
1373,92
7093,102
2929,196
8797,76
2356,113
6883,77
5948,6
8525,39
9158,182
8888,90
7139,24
3245,171
7855,18
1124,45
2103,186
8035,147
2039,152
6081,115
4944,195
3079,198
6677,128
6499,91
9728,107
5374,42
4596,104
133,192
4954,22
9844,2
3297,181
8906,194
7321,199
2627,63
4107,142
7365,88
9245,109
6039,121
2867,51
9410,28
9552,163
1556,156
892,25
4884,54
5113,141
2246,8
5005,134
2451,19
7484,69
3217,67
9825,36
1941,105
9070,130
1467,100
5059,183
8189,150
5873,75
6,23
8038,154
8881,122
8210,189
9736,52
8596,190
5155,116
212,29
9658,47
9154,1
8529,9
1884,64
4503,129
6032,14
3461,48
1501,35
6810,59
2313,124
5393,3
7636,10
4840,70
7458,27
2585,66
8779,16
4086,26
765,165
5579,149
5488,162
1795,176
4468,20
1825,33
4054,65
9569,93
3186,80
6149,43
2063,74
5963,73
1264,180
794,82
3592,177
7540,106
7276,167
8503,148
7306,126
1665,127
6176,13
2547,46
5339,62
4384,200
6924,193
1289,98
3541,169
253,17
5382,164
3474,72
6525,159
3665,53
8108,85
2403,144
20,86
4343,187
9769,172
6477,108
9140,83
8781,41
5904,146
7425,60
6902,117
694,138
5082,58
5881,84
3828,56
1649,61
8241,95
3058,157
6423,81
7978,15
3606,55
8898,87
4283,5
7268,143
7103,78
2741,110
2868,173
8555,12
2381,40
6340,30
6436,185
8642,161
1959,50
4868,133
9555,197
9451,168
8471,174
7494,11
6170,125
5759,68
1609,34
7228,4
4581,120
7862,112
7413,175
4212,94
9374,158
9350,32
6069,137
8643,184
898,166
6625,191
1911,89
7294,155
2748,21
9264,101
8600,178
6757,131
4359,49
6464,170
2145,111
4356,123
6546,151
6813,179
214,153
4579,31
3593,140
556,96
5650,71
9260,119
2494,97
1897,188
4906,145
8625,136
1566,99
3455,38
6006,103
1042,118
4454,57
2886,160
6296,44
6090,79
3440,139
5494,114
8029,135
6498,7
7334,37
4364,132
1696,92
4380,102
4490,196
8095,76
7396,113
471,77
7879,6
9208,39
1771,182
606,90
462,24
7053,171
8829,18
6245,45
8134,186
7863,147
2866,152
4360,115
2019,195
6700,198
4465,128
5176,91
3116,107
6549,42
7239,104
208,192
7208,22
8289,2
960,181
568,194
1960,199
9779,63
5619,142
8573,88
8674,109
2376,121
3576,51
4302,28
778,163
3862,156
2413,25
6750,54
2251,141
7760,8
6391,134
5139,19
9041,69
2907,67
2729,36
6997,105
3048,130
6422,100
8015,183
9613,150
1054,75
5853,23
5750,154
3336,122
5945,189
7168,52
2318,190
213,116
1703,29
6520,47
2845,1
4466,9
9334,64
9952,129
2254,14
8326,48
2819,35
3459,59
251,124
2030,3
4935,10
7293,70
2891,27
2527,66
9943,16
8357,26
250,165
6656,149
8143,162
1551,176
9469,20
2633,33
1481,65
2115,93
9286,80
987,43
7840,74
7144,73
3132,180
2545,82
1476,177
4038,106
9143,167
4259,148
5247,126
7443,127
3667,13
5837,46
246,62
4841,200
1567,193
6425,98
7751,169
2272,17
3960,164
4615,72
7849,159
7331,53
2429,85
3256,144
9668,86
4962,187
1175,172
5917,108
882,83
7402,41
8558,146
106,60
8500,117
4506,138
3317,58
6825,84
9162,56
466,61
6165,95
8874,157
4251,81
6805,15
1946,55
4447,87
3992,5
9002,143
4820,78
4781,110
5906,173
78,12
2747,40
818,30
5775,185
4470,161
9556,50
2069,133
9982,197
173,168
9484,174
7832,11
4772,125
2974,68
4035,34
2270,4
1559,120
3212,112
2632,175
2349,94
4887,158
735,32
3473,137
4598,184
2961,166
7069,191
2094,89
1973,155
6738,21
9393,101
6773,178
4276,131
3401,49
6919,170
1363,111
7278,123
9457,151
8452,179
9156,153
5900,31
6426,140
7175,96
6893,71
7813,119
3117,97
7976,188
2810,145
1093,136
4520,99
2316,38
3684,103
8268,118
282,57
2623,160
1539,44
4408,79
4438,139
2887,114
801,135
187,7
8073,37
4699,132
8052,92
2601,102
6795,196
2595,76
5414,113
8864,77
520,6
7743,39
4740,182
686,90
7183,24
2449,171
7304,18
2233,45
9246,186
9024,147
8585,152
5554,115
5979,195
7350,198
2521,128
4088,91
817,107
2557,42
440,104
2399,192
4517,22
9830,2
9442,181
5745,194
7545,199
7738,63
2578,142
6111,88
9810,109
8927,121
7433,51
4824,28
8931,163
8644,156
9122,25
1839,54
9253,141
7184,8
5089,134
5931,19
5057,69
9532,67
6666,36
